Agent,Prior,Target,Score,SMILES,SMILES_state,Input_Scaffold,R-groups,QED,QED (raw),Stereo,Stereo (raw),dG_Qptuna,dG_Qptuna (raw),Alerts,Alerts (raw),matchting_patterns (Alerts),step,cluster,ID
10.0827,21.1595,94.3916,0.902743,O=C(NC1(c2ccc(Cl)cc2)COC1)c1ccc(N2CC3(CC(N4CC(CO)C4)C3)C2)cc1,1,*c1ccc(C(=O)NC2(c3ccc(Cl)cc3)COC2)cc1,*N1CC2(CC(N3CC(CO)C3)C2)C1,0.6835773,0.6836,1.0,0.0,0.9736817,-8.0682,1.0,1.0,[],74,5,ogRAC75OyEFN17PyxcGWJk6QUDA
8.1826,26.0626,92.1381,0.9234431,O=C1CN(C2CC3(C2)CN(c2ccc(C(=O)NC4(c5ccc(Cl)cc5)COC4)cc2)C3)C1,1,*c1ccc(C(=O)NC2(c3ccc(Cl)cc3)COC2)cc1,*N1CC2(CC(N3CC(=O)C3)C2)C1,0.7570452,0.757,1.0,0.0,0.9736614,-8.0678,1.0,1.0,[],54,5,oOGFqXr$UA9BOY9%3ODOVsuP3%0
15.6081,26.6069,91.4514,0.9223309,O=C(NC1(c2ccc(Cl)cc2)COC1)c1ccc(N2CC3(CNC(F)C3)C2)cc1,1,*c1ccc(C(=O)NC2(c3ccc(Cl)cc3)COC2)cc1,*N1CC2(CC(F)NC2)C1,0.7533912,0.7534,1.0,1.0,0.9734716,-8.0646,1.0,1.0,[],179,5,fa0H2PAnunaRMt1aEy5hIQygJWk
8.4127,18.2981,99.3124,0.9188322,CCN(C)C1CC2(C1)CN(c1ccc(C(=O)NC3(c4ccc(Cl)cc4)COC3)cc1)C2,1,*c1ccc(C(=O)NC2(c3ccc(Cl)cc3)COC2)cc1,*N1CC2(CC(N(C)CC)C2)C1,0.7406161,0.7406,1.0,0.0,0.9734716,-8.0646,1.0,1.0,[],70,5,bad3klTbA1N9GyuoX%mMKHXttC8
9.7606,16.9767,98.3564,0.90104,CCN(CC)C1CC2(C1)CN(c1ccc(C(=O)NC3(c4ccc(Cl)cc4)COC3)cc1)C2,1,*c1ccc(C(=O)NC2(c3ccc(Cl)cc3)COC2)cc1,*N1CC2(CC(N(CC)CC)C2)C1,0.6782322,0.6782,1.0,0.0,0.9734716,-8.0646,1.0,1.0,[],67,5,2SfVpNWdc4Sm7B8Cfy1n6W0QylY
11.3505,32.5894,84.3819,0.9138385,CN(C=O)C1CC12CN(c1ccc(C(=O)NC3(c4ccc(Cl)cc4)COC3)cc1)C2,1,*c1ccc(C(=O)NC2(c3ccc(Cl)cc3)COC2)cc1,*N1CC2(C1)C(N(C)C=O)C2,0.7226745,0.7227,1.0,1.0,0.9734716,-8.0646,1.0,1.0,[],140,5,if56m8yAdb22Sb25aP7yRON3uSc
10.1203,20.1443,94.5458,0.8960164,CN(CC1CC1)C1CC2(C1)CN(c1ccc(C(=O)NC3(c4ccc(Cl)cc4)COC3)cc1)C2,1,*c1ccc(C(=O)NC2(c3ccc(Cl)cc3)COC2)cc1,*N1CC2(CC(N(C)CC3CC3)C2)C1,0.6615605,0.6616,1.0,0.0,0.9733838,-8.0631,1.0,1.0,[],66,5,OJlH%RaQwLau3PMNIaXCiZ%wCy0
8.2812,18.3613,98.4704,0.9127475,CN(C1CC1)C1CC2(C1)CN(c1ccc(C(=O)NC3(c4ccc(Cl)cc4)COC3)cc1)C2,1,*c1ccc(C(=O)NC2(c3ccc(Cl)cc3)COC2)cc1,*N1CC2(CC(N(C)C3CC3)C2)C1,0.7189947,0.719,1.0,0.0,0.9733838,-8.0631,1.0,1.0,[],69,5,bhCWNS$D56QPPWambqz61JD0%eo
8.3862,15.1021,105.5788,0.9428196,NC1CC2(C1)CN(c1ccc(C(=O)NC3(c4ccc(Cl)cc4)COC3)cc1)C2,1,*c1ccc(C(=O)NC2(c3ccc(Cl)cc3)COC2)cc1,*N1CC2(CC(N)C2)C1,0.8319489,0.8319,1.0,0.0,0.9733686,-8.0629,1.0,1.0,[],35,5,qjkEV7ggEmjPS8iLp$7Q3$J6628
9.4973,19.7573,101.531,0.9475645,NC1CC12CN(c1ccc(C(=O)NC3(c4ccc(Cl)cc4)COC3)cc1)C2,1,*c1ccc(C(=O)NC2(c3ccc(Cl)cc3)COC2)cc1,*N1CC2(C(N)C2)C1,0.8509569,0.851,1.0,1.0,0.9733686,-8.0629,1.0,1.0,[],38,5,WBL81ZrxAVoCuaZIadV3KQ1BtxA
11.8848,21.4123,98.8994,0.9399354,CN(C)C1CC12CN(c1ccc(C(=O)NC3(c4ccc(Cl)cc4)COC3)cc1)C2,1,*c1ccc(C(=O)NC2(c3ccc(Cl)cc3)COC2)cc1,*N1CC2(C1)C(N(C)C)C2,0.8205607,0.8206,1.0,1.0,0.9733674,-8.0629,1.0,1.0,[],45,5,LIbm5mOWCuFr2MwGnkAVSv97W1s
14.3009,24.5299,85.6552,0.8608209,CC1CC(C)(C)N1CCC1CCN(c2ccc(C(=O)NC3(c4ccc(Cl)cc4)COC3)cc2)CC1,1,*c1ccc(C(=O)NC2(c3ccc(Cl)cc3)COC2)cc1,*N1CCC(CCN2C(C)CC2(C)C)CC1,0.5524734,0.5525,1.0,1.0,0.9733418,-8.0624,1.0,1.0,[],52,5,kip9ed4TEpEsxgyuH0fFW4SlcZ8
15.4041,21.9963,93.8732,0.9052306,O=C(NC1(c2ccc(Cl)cc2)COC1)c1ccc(N2CC3(CN(C[C@@H]4CC4(F)F)C3)C2)cc1,1,*c1ccc(C(=O)NC2(c3ccc(Cl)cc3)COC2)cc1,*N1CC2(CN(C[C@@H]3CC3(F)F)C2)C1,0.6933823,0.6934,1.0,1.0,0.9730787,-8.0581,1.0,1.0,[],33,5,$J%DZrKxVfmsjhTrMF7eNo2wJf4
9.2749,22.4828,91.865,0.8933424,CCOC1CN(C2CC3(C2)CN(c2ccc(C(=O)NC4(c5ccc(Cl)cc5)COC4)cc2)C3)C1,1,*c1ccc(C(=O)NC2(c3ccc(Cl)cc3)COC2)cc1,*N1CC2(CC(N3CC(OCC)C3)C2)C1,0.6534052,0.6534,1.0,0.0,0.9730445,-8.0575,1.0,1.0,[],58,5,6EK0rRP9KlQUNvZrMf6nulzKIb4
15.2412,21.7213,93.685,0.9016121,C[C@H]1CC2(CN(c3ccc(C(=O)NC4(c5ccc(Cl)cc5)COC4)cc3)C2)CN1CC(F)F,1,*c1ccc(C(=O)NC2(c3ccc(Cl)cc3)COC2)cc1,*N1CC2(C1)CN(CC(F)F)[C@@H](C)C2,0.6810829,0.6811,1.0,1.0,0.9730375,-8.0574,1.0,1.0,[],30,5,gMr19PeKXUrA6epEV9$ji8QTDvs
8.8374,20.2694,95.1661,0.9018401,CC1(NC2CC3(C2)CN(c2ccc(C(=O)NC4(c5ccc(Cl)cc5)COC4)cc2)C3)COC1,1,*c1ccc(C(=O)NC2(c3ccc(Cl)cc3)COC2)cc1,*N1CC2(CC(NC3(C)COC3)C2)C1,0.6818883,0.6819,1.0,0.0,0.9730233,-8.0571,1.0,1.0,[],63,5,rwYORDmG6RFLAbK6zeiy82kM$WY
9.3949,17.817,98.5673,0.9092528,CC(C)N(C)C1CC2(C1)CN(c1ccc(C(=O)NC3(c4ccc(Cl)cc4)COC3)cc1)C2,1,*c1ccc(C(=O)NC2(c3ccc(Cl)cc3)COC2)cc1,*N1CC2(CC(N(C)C(C)C)C2)C1,0.7076701,0.7077,1.0,0.0,0.9729339,-8.0557,1.0,1.0,[],74,5,3o4aSsZef7zh9YkUY4lm$qm1KmU
9.284,19.7654,96.3708,0.9073136,CCN(C(C)=O)C1CC2(C1)CN(c1ccc(C(=O)NC3(c4ccc(Cl)cc4)COC3)cc1)C2,1,*c1ccc(C(=O)NC2(c3ccc(Cl)cc3)COC2)cc1,*N1CC2(CC(N(CC)C(C)=O)C2)C1,0.7009263,0.7009,1.0,0.0,0.9729234,-8.0555,1.0,1.0,[],89,5,ipBQycrRdV9XoA4mQTud%Uf9g6s
6.35,19.5036,97.1356,0.9112442,O=C(NC1(c2ccc(Cl)cc2)COC1)c1ccc(N2CC3(CC(N4CC(F)(F)C4)C3)C2)cc1,1,*c1ccc(C(=O)NC2(c3ccc(Cl)cc3)COC2)cc1,*N1CC2(CC(N3CC(F)(F)C3)C2)C1,0.7147538,0.7148,1.0,0.0,0.9728966,-8.055,1.0,1.0,[],43,5,uqHMXKZzbeX644cyRHvW2X2mxJY
10.7474,21.9422,93.4269,0.9013212,CC(=O)N(C1CC1)C1CC2(C1)CN(c1ccc(C(=O)NC3(c4ccc(Cl)cc4)COC3)cc1)C2,1,*c1ccc(C(=O)NC2(c3ccc(Cl)cc3)COC2)cc1,*N1CC2(CC(N(C(C)=O)C3CC3)C2)C1,0.680522,0.6805,1.0,0.0,0.9728338,-8.054,1.0,1.0,[],50,5,xyGH64Esly4jtp2qc25dyCOh5h8
20.4775,26.1692,-11.4371,0.1150944,CC1CC(C)(F)CN1C[C@@H]1CCN(c2ccc(C(=O)NC3(c4ccc(Cl)cc4)COC3)cc2)C1,1,*c1ccc(C(=O)NC2(c3ccc(Cl)cc3)COC2)cc1,*N1CC[C@@H](CN2CC(C)(F)CC2C)C1,0.6468656,0.6469,0.0,3.0,0.9726943,-8.0517,1.0,1.0,[],43,5,EiZVNMzhmrPeRQCOg0t8lP1Glx4
17.0134,21.7083,90.9288,0.8799774,CS(=O)(=O)N(C1CC1)C1CC2(C1)CN(c1ccc(C(=O)NC3(c4ccc(Cl)cc4)COC3)cc1)C2,1,*c1ccc(C(=O)NC2(c3ccc(Cl)cc3)COC2)cc1,*N1CC2(CC(N(C3CC3)S(C)(=O)=O)C2)C1,0.6112542,0.6113,1.0,0.0,0.9726725,-8.0514,1.0,1.0,[],172,5,woTsLWJKtTVYzDhPWz4NPhb48$M
9.0232,30.6402,88.1691,0.9281972,CC(=O)N(C)C1CC12CN(c1ccc(C(=O)NC3(c4ccc(Cl)cc4)COC3)cc1)C2,1,*c1ccc(C(=O)NC2(c3ccc(Cl)cc3)COC2)cc1,*N1CC2(C1)C(N(C)C(C)=O)C2,0.777408,0.7774,1.0,1.0,0.9725472,-8.0493,1.0,1.0,[],151,5,cA6IqnMGw%gryRV7Gz%FGKOtjeE
12.2792,22.8743,88.4121,0.8694248,CCN(CC(C)C)C1CC2(C1)CN(c1ccc(C(=O)NC3(c4ccc(Cl)cc4)COC3)cc1)C2,1,*c1ccc(C(=O)NC2(c3ccc(Cl)cc3)COC2)cc1,*N1CC2(CC(N(CC)CC(C)C)C2)C1,0.5795291,0.5795,1.0,0.0,0.9723507,-8.0461,1.0,1.0,[],90,5,AHzI0ASDSIFvXISsIE7AkckbxNs
10.9473,15.5801,103.122,0.9273598,O=C(NC1(c2ccc(Cl)cc2)COC1)c1ccc(N2CC3(CC(N4CCC4)C3)C2)cc1,1,*c1ccc(C(=O)NC2(c3ccc(Cl)cc3)COC2)cc1,*N1CC2(CC(N3CCC3)C2)C1,0.77476,0.7748,1.0,0.0,0.9723367,-8.0459,1.0,1.0,[],14,5,RSsBSpJri3cHTKmvaWRUZ$q4Iug
12.2566,23.8622,91.5365,0.9015528,O=C(NC1(c2ccc(Cl)cc2)COC1)c1ccc(N2CC3(CCC(N4CC(F)(F)C4)C3)C2)cc1,1,*c1ccc(C(=O)NC2(c3ccc(Cl)cc3)COC2)cc1,*N1CC2(CCC(N3CC(F)(F)C3)C2)C1,0.6825371,0.6825,1.0,1.0,0.9722501,-8.0445,1.0,1.0,[],40,5,6TTeCtXtWPIGvWTy36aCxGG$M9o
13.6149,23.9434,-9.1114,0.1158749,CC1CC(C)(C)N1CC1CCN(c2ccc(C(=O)NC3(c4ccc(Cl)cc4)COC3)cc2)C1,1,*c1ccc(C(=O)NC2(c3ccc(Cl)cc3)COC2)cc1,*N1CCC(CN2C(C)CC2(C)C)C1,0.6687174,0.6687,0.0,2.0,0.9717844,-8.0371,1.0,1.0,[],112,5,6Dum3Ph0iUBxQ3ew0y9$uBBkzcg
12.2641,21.8448,95.0841,0.913507,CC(=O)N(C)[C@H]1CCC2(C1)CN(c1ccc(C(=O)NC3(c4ccc(Cl)cc4)COC3)cc1)C2,1,*c1ccc(C(=O)NC2(c3ccc(Cl)cc3)COC2)cc1,*N1CC2(CC[C@H](N(C)C(C)=O)C2)C1,0.7255055,0.7255,1.0,1.0,0.9716747,-8.0353,1.0,1.0,[],93,5,woZoIecFvC9gmwY6a71l2haH0s8
13.5276,23.2263,96.306,0.933846,O=C(NC1(c2ccc(Cl)cc2)COC1)c1ccc(N2CC3(CC3N3CCC3)C2)cc1,1,*c1ccc(C(=O)NC2(c3ccc(Cl)cc3)COC2)cc1,*N1CC2(C(N3CCC3)C2)C1,0.8011872,0.8012,1.0,1.0,0.9716314,-8.0347,1.0,1.0,[],92,5,9G3jCv37Lcy1fYXq%7G$wnIurD4
11.5051,24.2252,90.9146,0.8995293,CC1(C)CCN(C2CC3(C2)CN(c2ccc(C(=O)NC4(c5ccc(Cl)cc5)COC4)cc2)C3)C1=O,1,*c1ccc(C(=O)NC2(c3ccc(Cl)cc3)COC2)cc1,*N1CC2(CC(N3CCC(C)(C)C3=O)C2)C1,0.6770122,0.677,1.0,0.0,0.9716074,-8.0343,1.0,1.0,[],67,5,4ZBp8UBGu5Ulq2%k1nAhYhwu0Vs
11.1611,27.9979,80.498,0.8476243,O=C(NC1(c2ccc(Cl)cc2)COC1)c1ccc(N2CC(Cc3ncccc3F)CC23CC3)cc1,1,*c1ccc(C(=O)NC2(c3ccc(Cl)cc3)COC2)cc1,*N1CC(Cc2ncccc2F)CC12CC2,0.5190312,0.519,1.0,1.0,0.9710479,-8.0256,1.0,1.0,[],182,3,C$BWmP7rud4bMUjdU5J8wMlBQCg
13.8164,25.0245,86.1118,0.8682518,O=C(NC1(c2ccc(Cl)cc2)COC1)c1ccc(N2CCC(c3nc(=O)o[nH]3)CC23CC3)cc1,1,*c1ccc(C(=O)NC2(c3ccc(Cl)cc3)COC2)cc1,*N1CCC(c2noc(=O)[nH]2)CC12CC2,0.578523,0.5785,1.0,1.0,0.9709458,-8.024,1.0,1.0,[],111,3,CTU503hUUMUc3JAk6Nu7qgF4ILQ
12.9489,32.0774,81.356,0.8861984,O=C(NC1(c2ccc(Cl)cc2)COC1)c1ccc(N2CCC23CC(c2ncon2)C3)cc1,1,*c1ccc(C(=O)NC2(c3ccc(Cl)cc3)COC2)cc1,*N1CCC12CC(c1ncon1)C2,0.6345115,0.6345,1.0,0.0,0.9708452,-8.0224,1.0,1.0,[],103,3,EoE%2x8XlNK3fDuZnp3CSTVt18Q
19.4445,34.7157,76.8902,0.8719209,Cc1n[nH]c(C2CN(c3ccc(C(=O)NC4(c5ccc(Cl)cc5)COC4)cc3)C(C)(C)C2)n1,1,*c1ccc(C(=O)NC2(c3ccc(Cl)cc3)COC2)cc1,*N1C(C)(C)CC(c2n[nH]c(C)n2)C1,0.5898206,0.5898,1.0,1.0,0.9708281,-8.0222,1.0,1.0,[],95,3,Wa47LlB68IsdJAwo5I3K6P4eOV4
9.5538,23.8106,89.2112,0.8829831,Cn1nnnc1C1CN(c2ccc(C(=O)NC3(c4ccc(Cl)cc4)COC3)cc2)C2(CC2)C1,1,*c1ccc(C(=O)NC2(c3ccc(Cl)cc3)COC2)cc1,*N1CC(c2nnnn2C)CC12CC2,0.6243389,0.6243,1.0,1.0,0.9707821,-8.0215,1.0,1.0,[],153,3,0jytpc$LK3Y377aCEsdKYI$UoqU
16.6341,32.5087,76.2289,0.8495131,CCc1nc(N)nc(C2CN(c3ccc(C(=O)NC4(c5ccc(Cl)cc5)COC4)cc3)C3(CC3)C2)n1,1,*c1ccc(C(=O)NC2(c3ccc(Cl)cc3)COC2)cc1,*N1CC(c2nc(N)nc(CC)n2)CC12CC2,0.5247354,0.5247,1.0,1.0,0.9707521,-8.021,1.0,1.0,[],158,3,kbDeMSJ33lHNcl1GvLcHOAyS1oM
10.6806,28.0938,80.1628,0.8457546,Cc1nn(C)c(C)c1C1CCN(c2ccc(C(=O)NC3(c4ccc(Cl)cc4)COC3)cc2)C2(CC2)C1,1,*c1ccc(C(=O)NC2(c3ccc(Cl)cc3)COC2)cc1,*N1CCC(c2c(C)nn(C)c2C)CC12CC2,0.5144407,0.5144,1.0,1.0,0.9707069,-8.0203,1.0,1.0,[],82,3,1UIq5LlrIKyVogeRxLo4JYf2els
12.7313,24.4889,86.9989,0.8709986,Cc1ncc(C2CN(c3ccc(C(=O)NC4(c5ccc(Cl)cc5)COC4)cc3)C3(CC3)C2)o1,1,*c1ccc(C(=O)NC2(c3ccc(Cl)cc3)COC2)cc1,*N1CC(c2cnc(C)o2)CC12CC2,0.5872649,0.5873,1.0,1.0,0.9706922,-8.0201,1.0,1.0,[],102,3,4WOTUc$q2jPwyEgPrVMPaO0Glnk
11.2635,31.9799,80.6182,0.8796722,O=C(NC1(c2ccc(Cl)cc2)COC1)c1ccc(N2CCC23CC(c2ncccn2)C3)cc1,1,*c1ccc(C(=O)NC2(c3ccc(Cl)cc3)COC2)cc1,*N1CCC12CC(c1ncccn1)C2,0.6140789,0.6141,1.0,0.0,0.9706737,-8.0198,1.0,1.0,[],107,3,7$PysgZVpMZSQYyU4KKpHAzM7EY
18.7105,42.9612,-28.8265,0.1104278,Cc1ncnc(C(C)[C@H]2CC(C)(C)N2c2ccc(C(=O)NC3(c4ccc(Cl)cc4)COC3)cc2)n1,1,*c1ccc(C(=O)NC2(c3ccc(Cl)cc3)COC2)cc1,*N1[C@@H](C(C)c2ncnc(C)n2)CC1(C)C,0.5403,0.5403,0.0,2.0,0.9706722,-8.0198,1.0,1.0,[],171,3,yMEzF123Jyq$kz0QX8u4NFhT5Cc
14.8414,33.9268,74.9613,0.8506885,Cn1nnc(C(=N)C2CC3(CC3)N2c2ccc(C(=O)NC3(c4ccc(Cl)cc4)COC3)cc2)n1,1,*c1ccc(C(=O)NC2(c3ccc(Cl)cc3)COC2)cc1,*N1C(C(=N)c2nnn(C)n2)CC12CC2,0.5282203,0.5282,1.0,1.0,0.9706236,-8.0191,1.0,1.0,[],167,3,6MANjyDYdyI2Z3ltR740gH8COgA
10.6829,30.0176,81.2877,0.8695727,Cc1noc(C=C2CN(c3ccc(C(=O)NC4(c5ccc(Cl)cc5)COC4)cc3)C3(CC3)C2)n1,1,*c1ccc(C(=O)NC2(c3ccc(Cl)cc3)COC2)cc1,*N1CC(=Cc2nc(C)no2)CC12CC2,0.5830995,0.5831,1.0,0.0,0.9706098,-8.0188,1.0,1.0,[],185,3,IO$rIWAJgp1cBwbGk8uhdU7qrmY
11.3759,20.6539,90.8596,0.871199,O=C(NC1(c2ccc(Cl)cc2)COC1)c1ccc(N2CC(c3ccncc3)CC23CC3)cc1,1,*c1ccc(C(=O)NC2(c3ccc(Cl)cc3)COC2)cc1,*N1CC(c2ccncc2)CC12CC2,0.5882072,0.5882,1.0,1.0,0.9705083,-8.0173,1.0,1.0,[],149,3,58VPrijuWX44RL0h2yKFEXArl9c
13.7324,34.557,78.2785,0.8815268,O=C(NC1(c2ccc(Cl)cc2)COC1)c1ccc(N2CCC23CC(c2cnoc2)C3)cc1,1,*c1ccc(C(=O)NC2(c3ccc(Cl)cc3)COC2)cc1,*N1CCC12CC(c1cnoc1)C2,0.6203331,0.6203,1.0,0.0,0.9704614,-8.0166,1.0,1.0,[],109,3,c80Agj3bcb2JPtKXGRPa4shPy0s
10.4715,26.4118,84.2687,0.8646912,Cc1nnc(CC2CN(c3ccc(C(=O)NC4(c5ccc(Cl)cc5)COC4)cc3)C3(CC3)C2)o1,1,*c1ccc(C(=O)NC2(c3ccc(Cl)cc3)COC2)cc1,*N1CC(Cc2nnc(C)o2)CC12CC2,0.5689719,0.569,1.0,1.0,0.970349,-8.0149,1.0,1.0,[],178,3,Io3uefZM0XgrWV%qP1s7%0Hbt3U
10.0175,23.1201,86.5259,0.8566094,O=C(NC1(c2ccc(Cl)cc2)COC1)c1ccc(N2CCC(c3ccccn3)CC23CC3)cc1,1,*c1ccc(C(=O)NC2(c3ccc(Cl)cc3)COC2)cc1,*N1CCC(c2ccccn2)CC12CC2,0.5454618,0.5455,1.0,1.0,0.9703301,-8.0146,1.0,1.0,[],181,3,02jwQfwvtfk6qLURlkDX9FiED%s
10.9906,30.6332,77.7665,0.8468723,Cc1ncc(F)c(C2CCN(c3ccc(C(=O)NC4(c5ccc(Cl)cc5)COC4)cc3)C3(CC3)C2)n1,1,*c1ccc(C(=O)NC2(c3ccc(Cl)cc3)COC2)cc1,*N1CCC(c2nc(C)ncc2F)CC12CC2,0.5181231,0.5181,1.0,1.0,0.9703221,-8.0145,1.0,1.0,[],80,3,IF02s3rT0GHuDQTp4dgGK$kblFM
9.1677,23.0098,88.2309,0.8690681,Cn1cc(C2CCN(c3ccc(C(=O)NC4(c5ccc(Cl)cc5)COC4)cc3)C3(CC3)C2)cn1,1,*c1ccc(C(=O)NC2(c3ccc(Cl)cc3)COC2)cc1,*N1CCC(c2cnn(C)c2)CC12CC2,0.582188,0.5822,1.0,1.0,0.9702709,-8.0137,1.0,1.0,[],73,3,aWZ9m436lh7vDOOukBwFy5OdeWI
14.8346,30.5204,79.1611,0.856887,Cc1cncnc1C1CCN(c2ccc(C(=O)NC3(c4ccc(Cl)cc4)COC3)cc2)C2(CC2)C1,1,*c1ccc(C(=O)NC2(c3ccc(Cl)cc3)COC2)cc1,*N1CCC(c2ncncc2C)CC12CC2,0.5464267,0.5464,1.0,1.0,0.9702299,-8.0131,1.0,1.0,[],110,3,F8K3OG5aFasR0YqhZ5B5zVbIhDQ
11.1864,25.6892,84.4915,0.860787,O=C(NC1(c2ccc(Cl)cc2)COC1)c1ccc(N2CC(c3ccncc3F)CC23CC3)cc1,1,*c1ccc(C(=O)NC2(c3ccc(Cl)cc3)COC2)cc1,*N1CC(c2ccncc2F)CC12CC2,0.5580246,0.558,1.0,1.0,0.9700463,-8.0103,1.0,1.0,[],170,3,9%YTgkhxjBRzRtKr7XNZi$LUTuY
10.6301,24.784,86.4371,0.8689146,Cn1ccc(C2CCN(c3ccc(C(=O)NC4(c5ccc(Cl)cc5)COC4)cc3)C3(CC3)C2)n1,1,*c1ccc(C(=O)NC2(c3ccc(Cl)cc3)COC2)cc1,*N1CCC(c2ccn(C)n2)CC12CC2,0.582188,0.5822,1.0,1.0,0.9700137,-8.0099,1.0,1.0,[],87,3,LvihGRd1afgyMbt9IAQw$iYk$hc
10.6513,21.8879,90.7016,0.8796062,Cn1cc(C2CN(c3ccc(C(=O)NC4(c5ccc(Cl)cc5)COC4)cc3)C3(CC3)C2)cn1,1,*c1ccc(C(=O)NC2(c3ccc(Cl)cc3)COC2)cc1,*N1CC(c2cnn(C)c2)CC12CC2,0.6152709,0.6153,1.0,1.0,0.9699372,-8.0087,1.0,1.0,[],172,3,7QXio$GFBLkpYJNeTO3jB1Dqxgo
11.1578,29.2994,80.5922,0.8585285,O=C(NC1(c2ccc(Cl)cc2)COC1)c1ccc(N2CCC(c3ncncc3F)CC23CC3)cc1,1,*c1ccc(C(=O)NC2(c3ccc(Cl)cc3)COC2)cc1,*N1CCC(c2ncncc2F)CC12CC2,0.5516674,0.5517,1.0,1.0,0.9699283,-8.0086,1.0,1.0,[],80,3,IXMIuwgmBTB9s3fLrPflvQCOGrA
11.845,33.4344,75.9321,0.8544257,Cc1nc(C2CC3(C2)CC(C)(C)N3c2ccc(C(=O)NC3(c4ccc(Cl)cc4)COC3)cc2)no1,1,*c1ccc(C(=O)NC2(c3ccc(Cl)cc3)COC2)cc1,*N1C2(CC(c3noc(C)n3)C2)CC1(C)C,0.5399946,0.54,1.0,0.0,0.9698733,-8.0078,1.0,1.0,[],164,3,jdTNkbZ6dDU7m8VgnpPg8CdQSKE
12.8576,34.0125,-19.7249,0.1116221,Cn1ncnc1C(F)C1CC(C)(C)N1c1ccc(C(=O)NC2(c3ccc(Cl)cc3)COC2)cc1,1,*c1ccc(C(=O)NC2(c3ccc(Cl)cc3)COC2)cc1,*N1C(C(F)c2ncnn2C)CC1(C)C,0.5688183,0.5688,0.0,2.0,0.9696928,-8.0051,1.0,1.0,[],166,3,RSZ1%oI2x3gyX9Cou9W7gnVmacM
10.0088,24.0735,87.2878,0.8700095,Cc1cc(N2CCN(c3ccc(C(=O)NC4(c5ccc(Cl)cc5)COC4)cc3)C3(CC3)C2)n(C)n1,1,*c1ccc(C(=O)NC2(c3ccc(Cl)cc3)COC2)cc1,*N1CCN(c2cc(C)nn2C)CC12CC2,0.5862685,0.5863,1.0,0.0,0.9695879,-8.0035,1.0,1.0,[],114,0,pmdfP$NwvmgjOI4kYhTYF0eh9Ww
9.478,31.4051,79.3084,0.8649494,Cn1cnnc1C1CC2(C1)CC(C)(C)N2c1ccc(C(=O)NC2(c3ccc(Cl)cc3)COC2)cc1,1,*c1ccc(C(=O)NC2(c3ccc(Cl)cc3)COC2)cc1,*N1C2(CC(c3nncn3C)C2)CC1(C)C,0.5713327,0.5713,1.0,0.0,0.9694446,-8.0014,1.0,1.0,[],164,3,irLcSwjAnwtBxf%MS6yPpHkzYaE
11.2749,29.6339,79.0212,0.8488681,N#Cc1ccc(N2CCN(c3ccc(C(=O)NC4(c5ccc(Cl)cc5)COC4)cc3)C3(CC3)C2)c(C#N)c1,1,*c1ccc(C(=O)NC2(c3ccc(Cl)cc3)COC2)cc1,*N1CCN(c2ccc(C#N)cc2C#N)CC12CC2,0.5252813,0.5253,1.0,0.0,0.9693108,-7.9995,1.0,1.0,[],104,0,6VfwOUU9RjH4jcBrAmHMyFNwHd0
10.8813,27.9897,82.8148,0.8656604,Cc1ccc(N2CCN(c3ccc(C(=O)NC4(c5ccc(Cl)cc5)COC4)cc3)C3(CC3)C2)o1,1,*c1ccc(C(=O)NC2(c3ccc(Cl)cc3)COC2)cc1,*N1CCN(c2ccc(C)o2)CC12CC2,0.5740308,0.574,1.0,0.0,0.9691172,-7.9967,1.0,1.0,[],132,0,ngcIyoWrIGX7ZXFoRamu0IvqOvc
9.6203,21.6979,88.524,0.8611089,Cc1cc(N2CCN(c3ccc(C(=O)NC4(c5ccc(Cl)cc5)COC4)cc3)C3(CC3)C2)nc(C)n1,1,*c1ccc(C(=O)NC2(c3ccc(Cl)cc3)COC2)cc1,*N1CCN(c2cc(C)nc(C)n2)CC12CC2,0.5606862,0.5607,1.0,0.0,0.9690522,-7.9957,1.0,1.0,[],135,0,G%dXAS$9SNOEWVRTJMQdMuFq38o
8.6651,23.807,85.0586,0.8505125,O=C(NC1(c2ccc(Cl)cc2)COC1)c1ccc(N2CCN(c3ccncc3Cl)CC23CC3)cc1,1,*c1ccc(C(=O)NC2(c3ccc(Cl)cc3)COC2)cc1,*N1CCN(c2ccncc2Cl)CC12CC2,0.530384,0.5304,1.0,0.0,0.9690011,-7.995,1.0,1.0,[],128,0,aj%gT6TaRfAp9iZHFUIrDXKCD50
18.107,31.8114,75.815,0.8408316,COc1cc(N2CCN(c3ccc(C(=O)NC4(c5ccc(Cl)cc5)COC4)cc3)C3(CC2)CC3)nc(C)n1,1,*c1ccc(C(=O)NC2(c3ccc(Cl)cc3)COC2)cc1,*N1CCN(c2cc(OC)nc(C)n2)CCC12CC2,0.5042847,0.5043,1.0,0.0,0.9686605,-7.9901,1.0,1.0,[],110,0,YzPD%10yFr2eBW6GcllgV4L8kOY
23.2956,43.3002,67.8885,0.8686622,Cc1nc(CC2CC3(CC3)N2c2ccc(C(=O)NC3(c4ccc(Cl)cc4)COC3)cc2)nn1C,1,*c1ccc(C(=O)NC2(c3ccc(Cl)cc3)COC2)cc1,*N1C(Cc2nn(C)c(C)n2)CC14CC4,0.5845292,0.5845,1.0,1.0,0.9682949,-7.9849,1.0,1.0,[],152,3,4qTzcrikK7L8SvK31TRQbKstDpw
13.2467,25.0639,84.4076,0.8552464,Nc1ncc(F)c(N2CCN(c3ccc(C(=O)NC4(c5ccc(Cl)cc5)COC4)cc3)C3(CC3)C2)n1,1,*c1ccc(C(=O)NC2(c3ccc(Cl)cc3)COC2)cc1,*N1CCN(c2nc(N)ncc2F)CC12CC2,0.5451544,0.5452,1.0,0.0,0.968197,-7.9835,1.0,1.0,[],139,0,pVhz6ALDOPP36HglPRLXeNwTKzg
12.3979,27.7358,80.165,0.8429748,[C-]#[N+]c1ccnc(N2CCN(c3ccc(C(=O)NC4(c5ccc(Cl)cc5)COC4)cc3)C3(CC3)C2)c1,1,*c1ccc(C(=O)NC2(c3ccc(Cl)cc3)COC2)cc1,*N1CCN(c2cc([N+]#[C-])ccn2)CC12CC2,0.5108467,0.5108,1.0,0.0,0.968185,-7.9833,1.0,1.0,[],95,0,hx2uph8QOrCZ%Icno1nRE78giMQ
15.9557,15.882,99.2094,0.8991523,CC(C)N1CC2(CCN(c3ccc(C(=O)NC4(c5ccc(Cl)cc5)COC4)cc3)CC2)OCC1=O,1,*c1ccc(C(=O)NC2(c3ccc(Cl)cc3)COC2)cc1,*N1CCC2(CC1)CN(C(C)C)C(=O)CO2,0.6831042,0.6831,1.0,0.0,0.9681015,-7.9822,1.0,1.0,[],96,5,xhlqr97BJ3HGgneuQabhtvxkFzA
15.7416,35.2439,73.2885,0.8479095,N#Cc1cccnc1CC1CC2(CCN2c2ccc(C(=O)NC3(c4ccc(Cl)cc4)COC3)cc2)C1,1,*c1ccc(C(=O)NC2(c3ccc(Cl)cc3)COC2)cc1,*N1CCC12CC(Cc1ncccc1C#N)C2,0.5245998,0.5246,1.0,0.0,0.9680881,-7.982,1.0,1.0,[],180,3,4MjXTVzKQLZ8kH2yKtdaM$nwUGc
15.1062,29.642,78.7305,0.8466601,O=C(NC1(c2ccc(Cl)cc2)COC1)c1ccc(N2C(Cc3ncc(F)cc3F)CC23CC3)cc1,1,*c1ccc(C(=O)NC2(c3ccc(Cl)cc3)COC2)cc1,*N1C(Cc2ncc(F)cc2F)CC12CC2,0.5213443,0.5213,1.0,1.0,0.9679556,-7.9801,1.0,1.0,[],147,3,XdpUUDK$RUMIF07txSs8jtw2cFM
6.5242,25.5929,-10.1319,0.1207889,CC1CC12CN(c1ccc(C(=O)NC3(c4ccc(Cl)cc4)COC3)cc1)C21CC1,1,*c1ccc(C(=O)NC2(c3ccc(Cl)cc3)COC2)cc1,*N1CC2(C(C)C2)C12CC2,0.8160452,0.816,0.0,2.0,0.9678375,-7.9785,1.0,1.0,[],139,4,eG%ymDkcyg7%IOuNyrVjxLbmeKo
10.9965,22.6455,94.4419,0.9147455,CCC1CC(C)(C)N(c2ccc(C(=O)NC3(c4ccc(Cl)cc4)COC3)cc2)CC1=O,1,*c1ccc(C(=O)NC2(c3ccc(Cl)cc3)COC2)cc1,*N1CC(=O)C(CC)CC1(C)C,0.7388669,0.7389,1.0,1.0,0.9677467,-7.9772,1.0,1.0,[],60,4,xQR3vG7A6bl7sg60gJeLgW52n7I
11.1279,24.9705,84.0251,0.8515278,O=C(NC1(c2ccc(Cl)cc2)COC1)c1ccc(N2CCN(c3ccc(F)nc3)CC23CC3)cc1,1,*c1ccc(C(=O)NC2(c3ccc(Cl)cc3)COC2)cc1,*N1CCN(c2ccc(F)nc2)CC12CC2,0.5353205,0.5353,1.0,0.0,0.9677436,-7.9771,1.0,1.0,[],139,0,1cPefOydcwvrO5N4mIbm7QDMBGA
10.7665,24.1391,94.2248,0.9247181,O=C(NC1(c2ccc(Cl)cc2)COC1)c1ccc(N2C3(CC3)CC23CC(F)C3)cc1,1,*c1ccc(C(=O)NC2(c3ccc(Cl)cc3)COC2)cc1,*N1C2(CC(F)C2)CC12CC2,0.775857,0.7759,1.0,0.0,0.9677283,-7.9769,1.0,1.0,[],95,4,nDquFsrX74E3IvmiyTJyz4fsxTM
10.7998,27.8015,-12.5335,0.1192809,CC1CC12CN(c1ccc(C(=O)NC3(c4ccc(Cl)cc4)COC3)cc1)C21CCC1,1,*c1ccc(C(=O)NC2(c3ccc(Cl)cc3)COC2)cc1,*N1CC2(C(C)C2)C12CCC2,0.7715394,0.7715,0.0,2.0,0.9676916,-7.9764,1.0,1.0,[],139,4,rgfXVbXK1$y1fxX%lRhRw2CY$TE
18.3467,33.2254,74.684,0.8430426,NC(=O)c1nccc(CC2CC3(CC3)N2c2ccc(C(=O)NC3(c4ccc(Cl)cc4)COC3)cc2)n1,1,*c1ccc(C(=O)NC2(c3ccc(Cl)cc3)COC2)cc1,*N1C(Cc2ccnc(C(N)=O)n2)CC12CC2,0.5118665,0.5119,1.0,1.0,0.9676583,-7.976,1.0,1.0,[],106,3,H4AWxeWTBauNSSWXJhY9DH4OjZc
13.2228,28.5785,83.4342,0.8750993,CC(C)C1CCN(c2ccc(C(=O)NC3(c4ccc(Cl)cc4)COC3)cc2)C2(CC(F)C2)C1,1,*c1ccc(C(=O)NC2(c3ccc(Cl)cc3)COC2)cc1,*N1CCC(C(C)C)CC12CC(F)C2,0.6055424,0.6055,1.0,1.0,0.9676192,-7.9754,1.0,1.0,[],75,4,%Ib$l2uCuodj0lf1YWSiEkfHpmQ
10.5443,23.958,94.8666,0.9283168,NC1CC2(C1)CN(c1ccc(C(=O)NC3(c4ccc(Cl)cc4)COC3)cc1)C21CC1,1,*c1ccc(C(=O)NC2(c3ccc(Cl)cc3)COC2)cc1,*N1CC2(CC(N)C2)C12CC2,0.7898606,0.7899,1.0,0.0,0.9675962,-7.9751,1.0,1.0,[],138,4,NE7AfLgDXeQ6uxtqWB9%t$g4Ua4
11.5872,26.9195,91.3815,0.9242266,N#CC1CCN(c2ccc(C(=O)NC3(c4ccc(Cl)cc4)COC3)cc2)C12CC(F)C2,1,*c1ccc(C(=O)NC2(c3ccc(Cl)cc3)COC2)cc1,*N1CCC(C#N)C12CC(F)C2,0.7743464,0.7743,1.0,1.0,0.9675854,-7.9749,1.0,1.0,[],158,4,5yQZbfLUUh6SnJdR11J0YsbPF18
12.285,26.3536,92.0537,0.9250575,O=C(NC1(c2ccc(Cl)cc2)COC1)c1ccc(N2CC[C@H](F)C23CC(F)C3)cc1,1,*c1ccc(C(=O)NC2(c3ccc(Cl)cc3)COC2)cc1,*N1CC[C@H](F)C12CC(F)C2,0.777484,0.7775,1.0,1.0,0.9675854,-7.9749,1.0,1.0,[],97,4,ZOfeHObThfQwmTVWdgr5w%6dAjc
12.1365,22.9284,93.4082,0.9088796,O=C(NC1(c2ccc(Cl)cc2)COC1)c1ccc(N2CC3(CCOCC3)C23CC(O)C3)cc1,1,*c1ccc(C(=O)NC2(c3ccc(Cl)cc3)COC2)cc1,*N1CC2(CCOCC2)C12CC(O)C2,0.7182239,0.7182,1.0,0.0,0.9675488,-7.9744,1.0,1.0,[],77,4,8J4cprr8ZybXsrMOyHrtdIBTUlI
10.0879,23.9962,95.4103,0.9328634,CC[C@@H]1CC2(CC2)N1c1ccc(C(=O)NC2(c3ccc(Cl)cc3)COC2)cc1,1,*c1ccc(C(=O)NC2(c3ccc(Cl)cc3)COC2)cc1,*N1[C@H](CC)CC12CC2,0.807566,0.8076,1.0,1.0,0.9675374,-7.9743,1.0,1.0,[],160,4,Z0LqoiWTdAUKTL9VfxTw47oAd0A
9.3173,27.0955,90.921,0.9220038,O=C(NC1(c2ccc(Cl)cc2)COC1)c1ccc(N2CCC23CC(C2COC2)C3)cc1,1,*c1ccc(C(=O)NC2(c3ccc(Cl)cc3)COC2)cc1,*N1CCC12CC(C1COC1)C2,0.7661513,0.7662,1.0,0.0,0.9675221,-7.9741,1.0,1.0,[],128,4,Zb6KIz2tnqU5EKpHkqTIwubvXdg
8.3814,35.373,80.9234,0.9085656,O=C(NC1(c2ccc(Cl)cc2)COC1)c1ccc(N2CC23CC(C2(F)COC2)C3)cc1,1,*c1ccc(C(=O)NC2(c3ccc(Cl)cc3)COC2)cc1,*N1C2(CC(C2)C2(F)COC2)C1,0.7172264,0.7172,1.0,0.0,0.9674957,-7.9737,1.0,1.0,[],94,4,wvgcjNfqIA$SCnj75jd9bGR21tg
11.5687,23.4487,91.4099,0.8973334,CC1(C)CC(C(F)F)CCN1c1ccc(C(=O)NC2(c3ccc(Cl)cc3)COC2)cc1,1,*c1ccc(C(=O)NC2(c3ccc(Cl)cc3)COC2)cc1,*N1CCC(C(F)F)CC1(C)C,0.6783314,0.6783,1.0,1.0,0.9674239,-7.9727,1.0,1.0,[],31,4,2v2b1TxoEBmxvkOXg3xV7qXW1FA
9.3152,21.1801,98.6785,0.9363952,O=C(NC1(c2ccc(Cl)cc2)COC1)c1ccc(N2C(CF)CC23CC3)cc1,1,*c1ccc(C(=O)NC2(c3ccc(Cl)cc3)COC2)cc1,*N1C(CF)CC12CC2,0.8219333,0.8219,1.0,1.0,0.9673343,-7.9715,1.0,1.0,[],175,4,blqqSGGIXFf0zZX3v2KMVn$GzE0
14.0644,28.6297,87.2183,0.9050624,C=CCC1CC2(CC2)N1c1ccc(C(=O)NC2(c3ccc(Cl)cc3)COC2)cc1,1,*c1ccc(C(=O)NC2(c3ccc(Cl)cc3)COC2)cc1,*N1C2(CC1CC=C)CC2,0.7052183,0.7052,1.0,1.0,0.9673343,-7.9715,1.0,1.0,[],169,4,smC%stxhBfJGSJRJHoojiAcLYrU
15.1085,30.6261,83.9821,0.8953762,N#CCC1CCCN(c2ccc(C(=O)NC3(c4ccc(Cl)cc4)COC3)cc2)C12CC(F)C2,1,*c1ccc(C(=O)NC2(c3ccc(Cl)cc3)COC2)cc1,*N1CCCC(CC#N)C12CC(F)C2,0.6719013,0.6719,1.0,1.0,0.9673267,-7.9714,1.0,1.0,[],81,4,LqhrjeHFuocyoKW4eGiw2QOoZSk
8.5433,22.8154,95.9673,0.9279898,NC1CC2(C1)N(c1ccc(C(=O)NC3(c4ccc(Cl)cc4)COC3)cc1)CC21CC1,1,*c1ccc(C(=O)NC2(c3ccc(Cl)cc3)COC2)cc1,*N1CC2(CC2)C12CC(N)C2,0.7898606,0.7899,1.0,0.0,0.9670851,-7.9681,1.0,1.0,[],126,4,aMgjY6TqbnRoQlATQ1GICHyay6A
10.143,22.2873,92.3915,0.8959278,CC1(C)CC1N1CCC2(CC1)CN(c1ccc(C(=O)NC3(c4ccc(Cl)cc4)COC3)cc1)C2,1,*c1ccc(C(=O)NC2(c3ccc(Cl)cc3)COC2)cc1,*N1CC2(CCN(C3CC3(C)C)CC2)C1,0.67497,0.675,1.0,1.0,0.9667512,-7.9635,1.0,1.0,[],51,5,fk38lZQaj6ohJ3PE0JgTiGA$KSo
10.1552,22.9525,92.0776,0.8986732,CC1(F)CCN(C2CC3(C2)CN(c2ccc(C(=O)NC4(c5ccc(Cl)cc5)COC4)cc2)C3)C1,1,*c1ccc(C(=O)NC2(c3ccc(Cl)cc3)COC2)cc1,*N1CC2(CC(N3CCC(C)(F)C3)C2)C1,0.6844017,0.6844,1.0,1.0,0.9667162,-7.9631,1.0,1.0,[],49,5,FeKLfGze6yVEL4NEhfFjFGkkDso
11.7768,26.1624,84.3977,0.8637506,C=C(C)CC1CCN(c2ccc(C(=O)NC3(c4ccc(Cl)cc4)COC3)cc2)C2(CC2)C1,1,*c1ccc(C(=O)NC2(c3ccc(Cl)cc3)COC2)cc1,*N1CCC(CC(=C)C)CC12CC2,0.5728038,0.5728,1.0,1.0,0.9666011,-7.9615,1.0,1.0,[],82,4,XkQW9ONCxeN%PmzSXzQBqVKt9fE
9.0269,26.5348,81.9427,0.8474805,Cc1ncc(Cl)c(N2CCN(c3ccc(C(=O)NC4(c5ccc(Cl)cc5)COC4)cc3)C3(CC3)C2)n1,1,*c1ccc(C(=O)NC2(c3ccc(Cl)cc3)COC2)cc1,*N1CCN(c2nc(C)ncc2Cl)CC12CC2,0.5261678,0.5262,1.0,0.0,0.9663917,-7.9587,1.0,1.0,[],182,0,FfN2$T58uP$igpmG%cvTFU$u1$w
8.8632,26.6153,91.8638,0.9256175,N#CCC1CC2(CCN2c2ccc(C(=O)NC3(c4ccc(Cl)cc4)COC3)cc2)C1,1,*c1ccc(C(=O)NC2(c3ccc(Cl)cc3)COC2)cc1,*N1CCC12CC(CC#N)C2,0.7825493,0.7825,1.0,0.0,0.96637,-7.9584,1.0,1.0,[],92,4,rhv3PPSIS6zuG6Cec21UF8qWkVE
10.0406,21.6592,91.9665,0.8877005,CC(C)CN(C)C1CC2(C1)CN(c1ccc(C(=O)NC3(c4ccc(Cl)cc4)COC3)cc1)C2,1,*c1ccc(C(=O)NC2(c3ccc(Cl)cc3)COC2)cc1,*N1CC2(CC(N(C)CC(C)C)C2)C1,0.6483315,0.6483,1.0,0.0,0.9663491,-7.9581,1.0,1.0,[],73,5,7WsL4Kmgf6rzhfgnaADXGLUoJEs
16.3611,27.1522,84.5717,0.8728423,C[C@@H](CO)CN(C)C1CC2(C1)CN(c1ccc(C(=O)NC3(c4ccc(Cl)cc4)COC3)cc1)C2,1,*c1ccc(C(=O)NC2(c3ccc(Cl)cc3)COC2)cc1,*N1CC2(CC(N(C)C[C@@H](C)CO)C2)C1,0.601086,0.6011,1.0,1.0,0.9662544,-7.9569,1.0,1.0,[],56,5,0OoVaFHazT5RJqaarTbJ5lpmgsk
8.3301,21.2147,98.3115,0.9337985,O=C(NC1(c2ccc(Cl)cc2)COC1)c1ccc(N2CC23CC(F)C3)cc1,1,*c1ccc(C(=O)NC2(c3ccc(Cl)cc3)COC2)cc1,*N1CC12CC(F)C2,0.8147482,0.8147,1.0,0.0,0.9661368,-7.9553,1.0,1.0,[],98,4,OL2gNTzha2K1icFJ9d79xGKx%gk
10.3022,23.6527,92.8235,0.9099701,CC(=O)NCC1CC12CN(c1ccc(C(=O)NC3(c4ccc(Cl)cc4)COC3)cc1)C2,1,*c1ccc(C(=O)NC2(c3ccc(Cl)cc3)COC2)cc1,*N1CC2(C(CNC(C)=O)C2)C1,0.725595,0.7256,1.0,1.0,0.9659973,-7.9535,1.0,1.0,[],65,6,k6IccjB2wvCFTY99yU83EyaDU5M
11.9314,25.2647,83.4607,0.8494176,O=C(NC1(c2ccc(Cl)cc2)COC1)c1ccc(N2CCN(c3cccc(CO)n3)CC23CC3)cc1,1,*c1ccc(C(=O)NC2(c3ccc(Cl)cc3)COC2)cc1,*N1CCN(c2cccc(CO)n2)CC12CC2,0.5322596,0.5323,1.0,0.0,0.9659931,-7.9534,1.0,1.0,[],146,0,71KHzRZJSzXueF1DVRTg8p6om1Q
12.6611,29.8302,79.0679,0.8507664,O=C(NC1(c2ccc(Cl)cc2)COC1)c1ccc(N2CCN(c3ccnn3C3COC3)CC23CC3)cc1,1,*c1ccc(C(=O)NC2(c3ccc(Cl)cc3)COC2)cc1,*N1CCN(c2ccnn2C2COC2)CC12CC2,0.5361401,0.5361,1.0,0.0,0.9659531,-7.9529,1.0,1.0,[],141,0,WfWxpzkMzgXtJacCZnbe391v0Gg
9.2468,23.3862,86.2353,0.8564174,O=C(NC1(c2ccc(Cl)cc2)COC1)c1ccc(N2CCN(c3ncncc3Cl)CC23CC3)cc1,1,*c1ccc(C(=O)NC2(c3ccc(Cl)cc3)COC2)cc1,*N1CCN(c2ncncc2Cl)CC12CC2,0.5523624,0.5524,1.0,0.0,0.9659475,-7.9528,1.0,1.0,[],122,0,pYCwqY7WkofluZj0%8U4bOgVx8s
8.9377,24.2782,93.944,0.9236111,O=C1CCN(c2ccc(C(=O)NC3(c4ccc(Cl)cc4)COC3)cc2)C2(C1)CC(F)C2,1,*c1ccc(C(=O)NC2(c3ccc(Cl)cc3)COC2)cc1,*N1CCC(=O)CC12CC(F)C2,0.776106,0.7761,1.0,0.0,0.9658878,-7.952,1.0,1.0,[],122,4,MIK0BPEO%E2Del%llj00Iioclnc
12.3709,29.1377,88.8595,0.9218528,O=C(NC1(c2ccc(Cl)cc2)COC1)c1ccc(N2C3CC2(C(F)CF)C3)cc1,1,*c1ccc(C(=O)NC2(c3ccc(Cl)cc3)COC2)cc1,*N1C2(C(F)CF)CC1C2,0.7698837,0.7699,1.0,1.0,0.9657187,-7.9498,1.0,1.0,[],193,4,v5x0LK1lLleGKZ%O0hvGrqTXA24
8.0199,20.4679,98.6146,0.9303319,O=C(NC1(c2ccc(Cl)cc2)COC1)c1ccc(N2CCCC23CC(F)C3)cc1,1,*c1ccc(C(=O)NC2(c3ccc(Cl)cc3)COC2)cc1,*N1CCCC12CC(F)C2,0.8022858,0.8023,1.0,0.0,0.965711,-7.9497,1.0,1.0,[],72,4,EGB3OKmhTuMz2WYFbVXfwkDtrRk
6.9186,22.0622,98.2318,0.9397962,O=C(NC1(c2ccc(Cl)cc2)COC1)c1ccc(N2CCC23CC(F)C3)cc1,1,*c1ccc(C(=O)NC2(c3ccc(Cl)cc3)COC2)cc1,*N1CCC12CC(F)C2,0.8404852,0.8405,1.0,0.0,0.9653998,-7.9456,1.0,1.0,[],93,4,8Exibf1f2%p31viL6aHtFLWwip0
13.8567,26.9913,88.9661,0.9059166,O=C(NC1(c2ccc(Cl)cc2)COC1)c1ccc(N2CC3(CC3)C23CC(C2COC2)C3)cc1,1,*c1ccc(C(=O)NC2(c3ccc(Cl)cc3)COC2)cc1,*N1CC2(CC2)C12CC(C1COC1)C2,0.7125746,0.7126,1.0,0.0,0.9653591,-7.9451,1.0,1.0,[],130,4,tWhkP6blAV2xY7MVC4PJUFlxmR0
12.1178,23.9369,94.3605,0.9241984,O=C(NC1(c2ccc(Cl)cc2)COC1)c1ccc(N2CCC(O)C23CC(F)C3)cc1,1,*c1ccc(C(=O)NC2(c3ccc(Cl)cc3)COC2)cc1,*N1CCC(O)C12CC(F)C2,0.7796806,0.7797,1.0,1.0,0.9653295,-7.9447,1.0,1.0,[],95,4,bEdHvYN5zUnxfK1tgjm%cDriutI
9.5401,23.2978,87.6303,0.8666258,Cc1ncc(N2CCN(c3ccc(C(=O)NC4(c5ccc(Cl)cc5)COC4)cc3)C3(CC3)C2)cn1,1,*c1ccc(C(=O)NC2(c3ccc(Cl)cc3)COC2)cc1,*N1CCN(c2cnc(C)nc2)CC12CC2,0.5848284,0.5848,1.0,0.0,0.9647273,-7.937,1.0,1.0,[],130,0,u%XZWJxqNNBFFl$vx10hHPvVHX0
8.7226,22.1833,95.2371,0.9173471,O=C(NC1(c2ccc(Cl)cc2)COC1)c1ccc(N2CCCCC23CC(F)C3)cc1,1,*c1ccc(C(=O)NC2(c3ccc(Cl)cc3)COC2)cc1,*N1CCCCC12CC(F)C2,0.7559157,0.7559,1.0,0.0,0.9645159,-7.9343,1.0,1.0,[],93,4,toYmmk5gStNZLYa0zPps615LeVI
13.7047,13.365,103.1481,0.9102586,CC(C)(O)CC1CCN(c2ccc(C(=O)NC3(c4ccc(Cl)cc4)COC3)cc2)C1,1,*c1ccc(C(=O)NC2(c3ccc(Cl)cc3)COC2)cc1,*N1CCC(CC(C)(C)O)C1,0.7300351,0.73,1.0,1.0,0.9644935,-7.934,1.0,1.0,[],135,6,30McbjCWdl3mepjy5V8ij4V2dwk
17.8059,33.6751,83.9445,0.9189026,CC1(N)CC2(C1)C1CC(C1)N2c1ccc(C(=O)NC2(c3ccc(Cl)cc3)COC2)cc1,1,*c1ccc(C(=O)NC2(c3ccc(Cl)cc3)COC2)cc1,*N1[C@@H]2CC(C2)C12CC(C)(N)C2,0.7620486,0.762,1.0,0.0,0.9643691,-7.9324,1.0,1.0,[],133,4,H%Pe9iBA$FyxRIvOibwc9p%ko8E
8.9168,23.5516,86.2362,0.8577171,O=C(NC1(c2ccc(Cl)cc2)COC1)c1ccc(N2CCC(Cc3nccnc3Cl)C2)cc1,1,*c1ccc(C(=O)NC2(c3ccc(Cl)cc3)COC2)cc1,*N1CCC(Cc2nccnc2Cl)C1,0.5592007,0.5592,1.0,1.0,0.9641847,-7.9301,1.0,1.0,[],191,3,UtvQkoq5QXaJWrsqAl6EVLsvTSc
9.7582,23.0883,94.3012,0.9171051,CC1(C)CC2(CC(F)C2)N1c1ccc(C(=O)NC2(c3ccc(Cl)cc3)COC2)cc1,1,*c1ccc(C(=O)NC2(c3ccc(Cl)cc3)COC2)cc1,*N1C(C)(C)CC12CC(F)C2,0.7560358,0.756,1.0,0.0,0.9640833,-7.9288,1.0,1.0,[],86,4,X4TdXuPwZ02XHV25YFnHRmbBPOs
12.9081,22.0925,93.8608,0.9058845,CC1CC2(CN1c1ccc(C(=O)NC3(c4ccc(Cl)cc4)COC3)cc1)CC(C)(F)C2,1,*c1ccc(C(=O)NC2(c3ccc(Cl)cc3)COC2)cc1,*N1CC2(CC1C)CC(C)(F)C2,0.7155599,0.7156,1.0,1.0,0.9639636,-7.9273,1.0,1.0,[],158,6,D79jrfwq2%REgVfom8B3HpaaiXw
10.0943,21.5991,94.1327,0.9041547,O=C(NC1(c2ccc(Cl)cc2)COC1)c1ccc(N2CCC(C3(O)CC3)CC23CC3)cc1,1,*c1ccc(C(=O)NC2(c3ccc(Cl)cc3)COC2)cc1,*N1CCC(C2(O)CC2)CC12CC2,0.7107932,0.7108,1.0,1.0,0.9633476,-7.9197,1.0,1.0,[],67,4,mIkBHEAjG4uazDkWmqpYxwYUhrQ
15.2912,28.5704,82.8478,0.8704549,CC1(C(N)=O)CN(CC2CC3(C2)CN(c2ccc(C(=O)NC4(c5ccc(Cl)cc5)COC4)cc2)C3)C1,1,*c1ccc(C(=O)NC2(c3ccc(Cl)cc3)COC2)cc1,*N1CC2(CC(CN3CC(C)(C(N)=O)C3)C2)C1,0.5999965,0.6,1.0,0.0,0.9628749,-7.9139,1.0,1.0,[],53,6,SoatuMmnghfbRML75Gc4s8xEdJE
10.7269,20.2956,89.6852,0.8592251,Cn1cc(Cl)c(C2CCN(c3ccc(C(=O)NC4(c5ccc(Cl)cc5)COC4)cc3)CC2)n1,1,*c1ccc(C(=O)NC2(c3ccc(Cl)cc3)COC2)cc1,*N1CCC(c2nn(C)cc2Cl)CC1,0.5661088,0.5661,1.0,0.0,0.9627801,-7.9128,1.0,1.0,[],178,3,tAJgWW2rPEpoflG9gQmmDqIh4Uo
10.5028,23.3874,90.1804,0.8872482,CN(C(=O)C1(C)CC1)C1CC2(C1)CN(c1ccc(C(=O)NC3(c4ccc(Cl)cc4)COC3)cc1)C2,1,*c1ccc(C(=O)NC2(c3ccc(Cl)cc3)COC2)cc1,*N1CC2(CC(N(C)C(=O)C3(C)CC3)C2)C1,0.6540759,0.6541,1.0,0.0,0.9627754,-7.9127,1.0,1.0,[],61,5,Eq5KRh8nEuYgOLtFQEgCjIDxpNI
15.1771,19.8361,-4.9587,0.1162302,CNC1CCN(c2ccc(C(=O)NC3(c4ccc(Cl)cc4)COC3)cc2)CC1C(F)(F)F,1,*c1ccc(C(=O)NC2(c3ccc(Cl)cc3)COC2)cc1,*N1CCC(NC)C(C(F)(F)F)C1,0.6983603,0.6984,0.0,2.0,0.9622437,-7.9063,1.0,1.0,[],65,6,rlmM9YlQ$v%XXRqEryUAomeC$RM
13.4894,22.1357,85.4783,0.8407342,O=C(NC1(c2ccc(Cl)cc2)COC1)c1ccc(N2CCCC(N(c3ncccn3)C3CC3)C2)cc1,1,*c1ccc(C(=O)NC2(c3ccc(Cl)cc3)COC2)cc1,*N1CCCC(N(c2ncccn2)C2CC2)C1,0.5143061,0.5143,1.0,1.0,0.9621605,-7.9053,1.0,1.0,[],167,0,pa$CPn%ew%3eABmIO15KfsZHJpE
9.5426,19.4853,97.3545,0.9128112,CC(C)(C)C1(F)CCN(c2ccc(C(=O)NC3(c4ccc(Cl)cc4)COC3)cc2)C1,1,*c1ccc(C(=O)NC2(c3ccc(Cl)cc3)COC2)cc1,*N1CCC(F)(C(C)(C)C)C1,0.7448983,0.7449,1.0,1.0,0.962068,-7.9042,1.0,1.0,[],43,6,sgLO5uRNPB8391GhnE1lyu$rNeY
16.4043,20.9622,86.4742,0.8393466,CCc1cnc(N(C)C2CCCN(c3ccc(C(=O)NC4(c5ccc(Cl)cc5)COC4)cc3)C2)nc1,1,*c1ccc(C(=O)NC2(c3ccc(Cl)cc3)COC2)cc1,*N1CCCC(N(C)c2ncc(CC)cn2)C1,0.5111966,0.5112,1.0,1.0,0.9617216,-7.9001,1.0,1.0,[],155,0,h9WdP7KN60OCIBjQ$saI$TiprdE
13.6976,16.3647,95.3009,0.8723876,CC1CN(c2cccnc2)C(=O)CN1c1ccc(C(=O)NC2(c3ccc(Cl)cc3)COC2)cc1,1,*c1ccc(C(=O)NC2(c3ccc(Cl)cc3)COC2)cc1,*N1CC(=O)N(c2cccnc2)CC1C,0.608314,0.6083,1.0,1.0,0.9616602,-7.8994,1.0,1.0,[],98,0,KG2GFh0%CLlZiKIh0UTIL56huqQ
9.1851,24.3104,85.9559,0.8614555,Cn1cccc(N2CCN(c3ccc(C(=O)NC4(c5ccc(Cl)cc5)COC4)cc3)C3(CC3)C2)c1=O,1,*c1ccc(C(=O)NC2(c3ccc(Cl)cc3)COC2)cc1,*N1CCN(c2cccn(C)c2=O)CC12CC2,0.5753397,0.5753,1.0,0.0,0.9613345,-7.8956,1.0,1.0,[],139,0,g%%nnhyho9$TOb%QFgxLwyA4vKE
11.922,25.2538,90.4458,0.9039025,CC1(C)CC2(CC(F)C2)CN1c1ccc(C(=O)NC2(c3ccc(Cl)cc3)COC2)cc1,1,*c1ccc(C(=O)NC2(c3ccc(Cl)cc3)COC2)cc1,*N1CC2(CC1(C)C)CC(F)C2,0.7155599,0.7156,1.0,0.0,0.9608017,-7.8894,1.0,1.0,[],86,6,d0KTDKRwDxnkmpPih9ANgf0Fr%I
13.1236,22.9563,86.1766,0.8526007,CN(C)c1nccn(C2CCN(c3ccc(C(=O)NC4(c5ccc(Cl)cc5)COC4)cc3)CC2)c1=O,1,*c1ccc(C(=O)NC2(c3ccc(Cl)cc3)COC2)cc1,*N1CCC(n2ccnc(N(C)C)c2=O)CC1,0.5502043,0.5502,1.0,0.0,0.9607503,-7.8888,1.0,1.0,[],83,0,mTRdPqVb$IAN9GtKbRk10i4soZo
9.9659,18.3461,98.7747,0.915006,CC(C)(O)C1(F)CCN(c2ccc(C(=O)NC3(c4ccc(Cl)cc4)COC3)cc2)C1,1,*c1ccc(C(=O)NC2(c3ccc(Cl)cc3)COC2)cc1,*N1CCC(F)(C(C)(C)O)C1,0.7561333,0.7561,1.0,1.0,0.9607339,-7.8886,1.0,1.0,[],39,6,RpqJ26s5M7FZs4vklEAo6HW8LmY
18.7622,33.8885,81.2629,0.8996206,CC1=C(C#N)CC2(C1)C1CC(C1)N2c1ccc(C(=O)NC2(c3ccc(Cl)cc3)COC2)cc1,1,*c1ccc(C(=O)NC2(c3ccc(Cl)cc3)COC2)cc1,*N1C2CC(C2)C12CC(C#N)=C(C)C2,0.7008299,0.7008,1.0,1.0,0.9606199,-7.8873,1.0,1.0,[],127,4,3e8cn0z1LTeNCai0K7hKCIueBo8
10.2212,38.9427,79.2422,0.9233198,N#CC1=CC2(C1)C1CC(C1)N2c1ccc(C(=O)NC2(c3ccc(Cl)cc3)COC2)cc1,1,*c1ccc(C(=O)NC2(c3ccc(Cl)cc3)COC2)cc1,*N1C2CC(C2)C12CC(C#N)=C2,0.7879674,0.788,1.0,1.0,0.9605621,-7.8866,1.0,1.0,[],133,4,wvlUE2LaKjq9sPnZh4hbRseMXQQ
12.9524,37.9639,78.8382,0.9125161,N#CC1=CCC2(C1)C1CC(C1)N2c1ccc(C(=O)NC2(c3ccc(Cl)cc3)COC2)cc1,1,*c1ccc(C(=O)NC2(c3ccc(Cl)cc3)COC2)cc1,*N1C2CC(C2)C12CC(C#N)=CC2,0.74782,0.7478,1.0,1.0,0.9603476,-7.8842,1.0,1.0,[],169,4,EQtj0t%B6oK5dUPZI$kHliPs3Fc
10.8667,19.8203,100.0149,0.9362125,O=C(NC1(c2ccc(Cl)cc2)COC1)c1ccc(N2C3CC(C3)C23COC3)cc1,1,*c1ccc(C(=O)NC2(c3ccc(Cl)cc3)COC2)cc1,*N1C2CC(C2)C12COC2,0.839266,0.8393,1.0,0.0,0.9603476,-7.8842,1.0,1.0,[],89,4,ucT1uCihlqp598MVXC8rGXBJSr8
7.7107,16.8271,98.6229,0.901953,O=C(NC1(c2ccc(Cl)cc2)COC1)c1ccc(N2CCC(F)(C(F)(F)F)C2)cc1,1,*c1ccc(C(=O)NC2(c3ccc(Cl)cc3)COC2)cc1,*N1CCC(F)(C(F)(F)F)C1,0.7100108,0.71,1.0,1.0,0.9601834,-7.8823,1.0,1.0,[],36,6,y24dEwPxPpl%Hx6udLOVh%eu41s
10.1354,15.5763,102.9316,0.9258425,O=C1CC(=O)CN(c2ccc(C(=O)NC3(c4ccc(Cl)cc4)COC3)cc2)C1,1,*c1ccc(C(=O)NC2(c3ccc(Cl)cc3)COC2)cc1,*N1CC(=O)CC(=O)C1,0.7999379,0.7999,1.0,0.0,0.9596663,-7.8765,1.0,1.0,[],61,6,$pPdQ8c%sR7IDwMjao0re6BvJcc
11.1627,23.2787,93.0943,0.9091639,O=C(NC1(c2ccc(Cl)cc2)COC1)c1ccc(N2C3CC(C3)C23CC(F)(F)C3)cc1,1,*c1ccc(C(=O)NC2(c3ccc(Cl)cc3)COC2)cc1,*N1C2CC(C2)C12CC(F)(F)C2,0.7387313,0.7387,1.0,0.0,0.9589614,-7.8686,1.0,1.0,[],88,4,Ls8AP0EmQLQ6FpLWvAp$ZybQyR8
11.2713,18.2887,101.6517,0.9370345,O=C(NC1(c2ccc(Cl)cc2)COC1)c1ccc(N2C3CC(C3)C23CC3)cc1,1,*c1ccc(C(=O)NC2(c3ccc(Cl)cc3)COC2)cc1,*N1C2CC(C2)C12CC2,0.8473839,0.8474,1.0,0.0,0.9585321,-7.8639,1.0,1.0,[],48,4,7g0J0bGyRWJbPDMDr3JlcaV5owQ
10.5819,20.4446,96.6603,0.9148821,CC(C)(C)C(N)C1CN(c2ccc(C(=O)NC3(c4ccc(Cl)cc4)COC3)cc2)C1,1,*c1ccc(C(=O)NC2(c3ccc(Cl)cc3)COC2)cc1,*N1CC(C(N)C(C)(C)C)C1,0.7610035,0.761,1.0,1.0,0.9584854,-7.8634,1.0,1.0,[],43,6,M6raT9BIxeywlhKQRlDb9i0wgTY
11.5044,19.6018,95.2249,0.8970838,CC(F)(F)C1(F)CCN(c2ccc(C(=O)NC3(c4ccc(Cl)cc4)COC3)cc2)CC1,1,*c1ccc(C(=O)NC2(c3ccc(Cl)cc3)COC2)cc1,*N1CCC(F)(C(C)(F)F)CC1,0.6968694,0.6969,1.0,0.0,0.9583682,-7.8621,1.0,1.0,[],53,6,rkGjgfb9VWXGhiD6Ec$fAv5tiwc
17.6982,26.0983,84.7712,0.8661683,O=C(NC1(c2ccc(Cl)cc2)COC1)c1ccc(N2CC(C(=O)N3CCc4ncccc43)C2)cc1,1,*c1ccc(C(=O)NC2(c3ccc(Cl)cc3)COC2)cc1,*N1C[C@@H](C(=O)N2CCc3ncccc32)C1,0.5954051,0.5954,1.0,0.0,0.9582214,-7.8605,1.0,1.0,[],101,0,KT116sWHm%jwwdh8%kCB3AmT6cI
16.9361,26.445,82.5509,0.8515308,Cc1cnc2c(c1)N(C(=O)C1CN(c3ccc(C(=O)NC4(c5ccc(Cl)cc5)COC4)cc3)C1)CCC2,1,*c1ccc(C(=O)NC2(c3ccc(Cl)cc3)COC2)cc1,*N1CC(C(=O)N2CCCc3ncc(C)cc32)C1,0.5520692,0.5521,1.0,0.0,0.9578615,-7.8566,1.0,1.0,[],149,0,X$5GHUXqy5UQUauBBTDh8itjE94
19.4795,28.0232,-13.8851,0.1104541,Cc1nc(C)c(N2C[C@@H]3C[C@H]2CN3c2ccc(C(=O)NC3(c4ccc(Cl)cc4)COC3)cc2)c(C)n1,1,*c1ccc(C(=O)NC2(c3ccc(Cl)cc3)COC2)cc1,*N1C[C@@H]2C[C@H]1CN2c1c(C)nc(C)nc1C,0.5630285,0.563,0.0,2.0,0.9577736,-7.8557,1.0,1.0,[],51,0,4jrvgxzbozkF5IPmZV%vCk4L8vM
9.3456,13.2863,99.5219,0.8813135,O=C(NC1(c2ccc(Cl)cc2)COC1)c1ccc(N2CCN(c3ccnnc3)CC2)cc1,1,*c1ccc(C(=O)NC2(c3ccc(Cl)cc3)COC2)cc1,*N1CCN(c2ccnnc2)CC1,0.6450426,0.645,1.0,0.0,0.9575603,-7.8534,1.0,1.0,[],121,0,wfyoUJ6G0qD$S9dm67W1yMaiBY4
10.1532,15.4958,97.374,0.881795,CC(C)(F)CN1CCC2(CC1)CN(c1ccc(C(=O)NC3(c4ccc(Cl)cc4)COC3)cc1)C2,1,*c1ccc(C(=O)NC2(c3ccc(Cl)cc3)COC2)cc1,*N1CC2(CCN(CC(C)(C)F)CC2)C1,0.6467807,0.6468,1.0,0.0,0.957486,-7.8526,1.0,1.0,[],43,5,M6uH2w3FX1DdkArcHgBznZ167KU
14.7873,18.9983,95.6178,0.8954382,CS(=O)(=O)N1CC(C2CN(c3ccc(C(=O)NC4(c5ccc(Cl)cc5)COC4)cc3)C2)C1,1,*c1ccc(C(=O)NC2(c3ccc(Cl)cc3)COC2)cc1,*N1CC(C2CN(S(C)(=O)=O)C2)C1,0.6933229,0.6933,1.0,0.0,0.9573592,-7.8512,1.0,1.0,[],158,5,vCbnm9Zw6vWf1WhC9mfpBxtAzeI
16.5713,21.1021,86.6446,0.8417713,CC1(C)CN(c2ccc(C(=O)NC3(c4ccc(Cl)cc4)COC3)cc2)CCC1C1(C(F)(F)F)CC1,1,*c1ccc(C(=O)NC2(c3ccc(Cl)cc3)COC2)cc1,*N1CCC(C2(C(F)(F)F)CC2)C(C)(C)C1,0.525427,0.5254,1.0,1.0,0.957092,-7.8484,1.0,1.0,[],28,6,UQIgL8QihjNESWlaQ62COAg3yW0
17.3362,27.2427,85.736,0.8826464,O=C(NC1(c2ccc(Cl)cc2)COC1)c1ccc(N2CC3=C(C2)C(CC(F)F)C3)cc1,1,*c1ccc(C(=O)NC2(c3ccc(Cl)cc3)COC2)cc1,*N1CC2=C(C1)C(CC(F)F)C2,0.6513829,0.6514,1.0,1.0,0.9566094,-7.8433,1.0,1.0,[],67,6,uqzZWc7Au0vSueHyGEUY4bWh$04
9.5189,26.0165,88.8136,0.8971103,CC(=O)NCC1CC2(CCN2c2ccc(C(=O)NC3(c4ccc(Cl)cc4)COC3)cc2)C1,1,*c1ccc(C(=O)NC2(c3ccc(Cl)cc3)COC2)cc1,*N1CCC12CC(CNC(C)=O)C2,0.7020071,0.702,1.0,0.0,0.9560668,-7.8377,1.0,1.0,[],131,4,1eyfiMD3DA4lKWmxoTKevFldJBk
18.1469,26.6901,81.3859,0.8443438,CCCC(F)(F)/C=C/C1CN(c2ccc(C(=O)NC3(c4ccc(Cl)cc4)COC3)cc2)C1,1,*c1ccc(C(=O)NC2(c3ccc(Cl)cc3)COC2)cc1,*N1CC(/C=C/C(F)(F)CCC)C1,0.5344215,0.5344,1.0,0.0,0.9560582,-7.8376,1.0,1.0,[],48,6,hivbg79XYtWn5untW1VIiJYYkbk
14.6781,19.8555,-4.9462,0.1164788,CC(C(N)=O)[C@H]1CCCN(c2ccc(C(=O)NC3(c4ccc(Cl)cc4)COC3)cc2)C1,1,*c1ccc(C(=O)NC2(c3ccc(Cl)cc3)COC2)cc1,*N1CCC[C@H](C(C)C(N)=O)C1,0.7196137,0.7196,0.0,2.0,0.9557347,-7.8343,1.0,1.0,[],100,6,F%vYpQTeTahCYg0oEV9EHxf1NG8
11.7872,18.6203,-3.7111,0.1164788,CC(C(N)=O)C1CCCN(c2ccc(C(=O)NC3(c4ccc(Cl)cc4)COC3)cc2)C1,1,*c1ccc(C(=O)NC2(c3ccc(Cl)cc3)COC2)cc1,*N1CCCC(C(C)C(N)=O)C1,0.7196137,0.7196,0.0,2.0,0.9557347,-7.8343,1.0,1.0,[],102,6,wXOwYQSpGRw2MGImjuOyrZgRXWA
15.5851,16.4186,98.4475,0.8973909,O=C(NC1(c2ccc(Cl)cc2)COC1)c1ccc(N2CCC(CCCl)C2)cc1,1,*c1ccc(C(=O)NC2(c3ccc(Cl)cc3)COC2)cc1,*N1CCC(CCCl)C1,0.7038789,0.7039,1.0,1.0,0.9556668,-7.8336,1.0,1.0,[],180,6,vCDvts%X0$pWDLrobHhw%oGCs%I
13.9122,18.9138,96.824,0.9042017,O=C(NC1(c2ccc(Cl)cc2)COC1)c1ccc(N2CCC[C@@H](CCl)C2)cc1,1,*c1ccc(C(=O)NC2(c3ccc(Cl)cc3)COC2)cc1,*N1CCC[C@@H](CCl)C1,0.7285616,0.7286,1.0,1.0,0.9555261,-7.8321,1.0,1.0,[],130,6,wCfUlmOoRsFGpb82GJZbKwlfoVg
9.632,19.6837,94.6872,0.893523,CC(C)(C)C1(F)CCN(c2ccc(C(=O)NC3(c4ccc(Cl)cc4)COC3)cc2)CC1,1,*c1ccc(C(=O)NC2(c3ccc(Cl)cc3)COC2)cc1,*N1CCC(F)(C(C)(C)C)CC1,0.6906501,0.6907,1.0,0.0,0.9555187,-7.8321,1.0,1.0,[],65,6,k1PwzPYicJZrxvdrx$2wQcwen4g
19.8413,25.7321,81.8063,0.8401442,N#Cc1cc(N2C[C@@H](Nc3ccc(C(=O)NC4(c5ccc(Cl)cc5)COC4)cc3)CC2=O)ccc1F,1,*c1ccc(C(=O)NC2(c3ccc(Cl)cc3)COC2)cc1,*N[C@H]1CC(=O)N(c2ccc(F)c(C#N)c2)C1,0.5238378,0.5238,1.0,1.0,0.9552824,-7.8297,1.0,1.0,[],101,0,A0AZDLjX4hGU3mtmHHhLbPuDg9o
14.067,22.524,87.5086,0.8596297,CC1CN(C2CCN(C3CCOCC3)CC2)CCN1c1ccc(C(=O)NC2(c3ccc(Cl)cc3)COC2)cc1,1,*c1ccc(C(=O)NC2(c3ccc(Cl)cc3)COC2)cc1,*N1CCN(C2CCN(C3CCOCC3)CC2)CC1C,0.5809565,0.581,1.0,1.0,0.9551815,-7.8286,1.0,1.0,[],18,1,c3xYbWuT1uW7HUs0wG$nZoSRy2A
14.1189,23.7523,90.804,0.894971,CCC1(C2CC2)CN(c2ccc(C(=O)NC3(c4ccc(Cl)cc4)COC3)cc2)CCC1=O,1,*c1ccc(C(=O)NC2(c3ccc(Cl)cc3)COC2)cc1,*N1CCC(=O)C(CC)(C2CC2)C1,0.6964539,0.6965,1.0,1.0,0.9551744,-7.8286,1.0,1.0,[],106,6,$oIuVby79wxKM545uIGZ1OZ4veo
15.4581,28.1432,83.2303,0.8701052,CC1CN(c2ccc(C(=O)NC3(c4ccc(Cl)cc4)COC3)cc2)CCN1C1(C(=O)C(C)(C)C)CC1,1,*c1ccc(C(=O)NC2(c3ccc(Cl)cc3)COC2)cc1,*N1CCN(C2(C(=O)C(C)(C)C)CC2)C(C)C1,0.6136649,0.6137,1.0,1.0,0.9550965,-7.8278,1.0,1.0,[],64,1,ruz3fbTBjgvIXi459RfXxT66Olc
24.8361,26.0032,-12.1202,0.1084608,CCN(CC)C1CCN(C2CCN(c3ccc(C(=O)NC4(c5ccc(Cl)cc5)COC4)cc3)CC2(F)F)C1,1,*c1ccc(C(=O)NC2(c3ccc(Cl)cc3)COC2)cc1,*N1CCC(N2CCC(N(CC)CC)C2)C(F)(F)C1,0.5232406,0.5232,0.0,2.0,0.9550114,-7.8269,1.0,1.0,[],82,1,RZzp7VcMzmtHrb8qOHymoYdd2rw
9.6641,12.0534,102.6901,0.8964339,O=C(NC1(c2ccc(Cl)cc2)COC1)c1ccc(N2CCC(N3CCC(O)CC3)CC2)cc1,1,*c1ccc(C(=O)NC2(c3ccc(Cl)cc3)COC2)cc1,*N1CCC(N2CCC(O)CC2)CC1,0.7020807,0.7021,1.0,0.0,0.9549524,-7.8263,1.0,1.0,[],30,1,AiGb4D8JlySd9pQPf7PTfNag9qY
8.0936,13.655,100.1837,0.8893653,CN1C(=O)N(C)C2(CCN(c3ccc(C(=O)NC4(c5ccc(Cl)cc5)COC4)cc3)CC2)C1=O,1,*c1ccc(C(=O)NC2(c3ccc(Cl)cc3)COC2)cc1,*N1CCC2(CC1)C(=O)N(C)C(=O)N2C,0.6775523,0.6776,1.0,0.0,0.9549325,-7.8261,1.0,1.0,[],62,1,BhqutAxQI9npVX89M8Ybj8BRuZA
10.8832,17.4531,98.5102,0.9059631,O=C(NC1(c2ccc(Cl)cc2)COC1)c1ccc(N2CC[C@@H](N3CCC(F)CC3)C2)cc1,1,*c1ccc(C(=O)NC2(c3ccc(Cl)cc3)COC2)cc1,*N1CC[C@@H](N2CCC(F)CC2)C1,0.7365127,0.7365,1.0,1.0,0.9548585,-7.8254,1.0,1.0,[],53,1,EdcgE$R%TiPax3AUp3u5GNo7UH4
16.2931,22.5406,84.8149,0.8387146,CC(C)(C1CC(C(=O)N2CCN(c3ccc(C(=O)NC4(c5ccc(Cl)cc5)COC4)cc3)CC2)C1)C(F)(F)F,1,*c1ccc(C(=O)NC2(c3ccc(Cl)cc3)COC2)cc1,*N1CCN(C(=O)C2CC(C(C)(C)C(F)(F)F)C2)CC1,0.5208696,0.5209,1.0,0.0,0.9546518,-7.8233,1.0,1.0,[],46,1,O9E8uEQZfigMzI7RlsHLSX4dKfk
19.9341,23.5467,-9.3041,0.1112704,CC[C@@H]1CN(C2CCN(c3ccc(C(=O)NC4(c5ccc(Cl)cc5)COC4)cc3)CC2)CCC1C,1,*c1ccc(C(=O)NC2(c3ccc(Cl)cc3)COC2)cc1,*N1CCC(N2CCC(C)[C@H](CC)C2)CC1,0.5877534,0.5878,0.0,2.0,0.9546357,-7.8231,1.0,1.0,[],19,1,TvihMWrsalWq61O3UiMqKkMHNCI
20.815,27.4157,-13.2418,0.1107334,CC1C(CN2CCC2)N(CC(F)F)CCN1c1ccc(C(=O)NC2(c3ccc(Cl)cc3)COC2)cc1,1,*c1ccc(C(=O)NC2(c3ccc(Cl)cc3)COC2)cc1,*N1CCN(CC(F)F)C(CN2CCC2)C1C,0.5751552,0.5752,0.0,2.0,0.9546038,-7.8228,1.0,1.0,[],19,1,p$ugZIV62KVtg3CJKAnL9odZPTE
18.0328,38.1159,70.0744,0.8452369,O=C(NC1(c2ccc(Cl)cc2)COC1)c1ccc(N2CCC2Cc2nncc(Br)n2)cc1,1,*c1ccc(C(=O)NC2(c3ccc(Cl)cc3)COC2)cc1,*N1CCC1Cc1nncc(Br)n1,0.539481,0.5395,1.0,1.0,0.9545726,-7.8225,1.0,1.0,[],188,3,lcfCf$%BhCk$TEWUckqPeJ8shUs
9.878,18.3692,93.5737,0.874554,O=C(NC1(c2ccc(Cl)cc2)COC1)c1ccc(N2CC3(C2)CN(c2ccnnc2)C3)cc1,1,*c1ccc(C(=O)NC2(c3ccc(Cl)cc3)COC2)cc1,*N1CC2(C1)CN(c1ccnnc1)C2,0.6292416,0.6292,1.0,0.0,0.9544227,-7.821,1.0,1.0,[],126,0,Ddt7$GmLsOFYYc%Dn243vita8L8
14.8958,23.9295,83.7648,0.8413619,Cn1cc(NC2CN(c3ccc(C(=O)NC4(c5ccc(Cl)cc5)COC4)cc3)C2)c(C(F)(F)F)n1,1,*c1ccc(C(=O)NC2(c3ccc(Cl)cc3)COC2)cc1,*N1CC(Nc2cn(C)nc2C(F)(F)F)C1,0.5287649,0.5288,1.0,0.0,0.9543771,-7.8205,1.0,1.0,[],171,0,aqRj6P3KfSY9bv2hXTT3CVT6PV4
15.4688,21.5921,87.4995,0.8522787,CCc1cnc(N2CCN(c3ccc(C(=O)NC4(c5ccc(Cl)cc5)COC4)cc3)[C@H](C)C2)cn1,1,*c1ccc(C(=O)NC2(c3ccc(Cl)cc3)COC2)cc1,*N1CCN(c2cnc(CC)cn2)C[C@H]1C,0.5603685,0.5604,1.0,1.0,0.9543651,-7.8204,1.0,1.0,[],128,0,vkYq5eiME0zmKH%zO3TCo8nOWwc
11.5188,15.7153,98.2151,0.8900813,CC1CN(c2ccc(C(=O)NC3(c4ccc(Cl)cc4)COC3)cc2)CCN1C(=O)CC(C)(C)C,1,*c1ccc(C(=O)NC2(c3ccc(Cl)cc3)COC2)cc1,*N1CCN(C(=O)CC(C)(C)C)C(C)C1,0.6812412,0.6812,1.0,1.0,0.9543571,-7.8203,1.0,1.0,[],57,1,%fDfFRwWXTn7RO3A%VoYy7IDIfA
14.5776,21.7016,92.2134,0.8899615,CC(C)(C)NC1CN(C2CN(c3ccc(C(=O)NC4(c5ccc(Cl)cc5)COC4)cc3)C2)C1,1,*c1ccc(C(=O)NC2(c3ccc(Cl)cc3)COC2)cc1,*N1CC(N2CC(NC(C)(C)C)C2)C1,0.6811834,0.6812,1.0,0.0,0.9541913,-7.8187,1.0,1.0,[],66,1,CAqku7RtMEBOdNI2rqiYVLSd35g
11.4011,16.0694,95.2747,0.8698758,CS(=O)(=O)C1CCN(C2CCN(c3ccc(C(=O)NC4(c5ccc(Cl)cc5)COC4)cc3)CC2)CC1,1,*c1ccc(C(=O)NC2(c3ccc(Cl)cc3)COC2)cc1,*N1CCC(N2CCC(S(C)(=O)=O)CC2)CC1,0.6146886,0.6147,1.0,0.0,0.9541885,-7.8187,1.0,1.0,[],44,1,WWXlww$4BUpEdkznR0wjqcy8hs8
11.0419,21.295,-6.0134,0.1193876,O=C(NC1(c2ccc(Cl)cc2)COC1)c1ccc(N2CCC3(CCC3O)C2)cc1,1,*c1ccc(C(=O)NC2(c3ccc(Cl)cc3)COC2)cc1,*N1CCC2(C(O)CC2)C1,0.8080266,0.808,0.0,2.0,0.9541795,-7.8186,1.0,1.0,[],199,6,v86Ez4Rcs%43fkuMVZcCmoftEPI
12.9259,16.2196,91.7623,0.843609,Cc1cc(NC2CCN(c3ccc(C(=O)NC4(c5ccc(Cl)cc5)COC4)cc3)CC2)ccn1,1,*c1ccc(C(=O)NC2(c3ccc(Cl)cc3)COC2)cc1,*N1CCC(Nc2ccnc(C)c2)CC1,0.5356341,0.5356,1.0,0.0,0.9540894,-7.8177,1.0,1.0,[],87,0,7pjhgHIzl3hC65%nTfQc9MJV0mk
13.6295,24.8985,83.6822,0.848287,CCCC(F)(F)C1(F)CCN(c2ccc(C(=O)NC3(c4ccc(Cl)cc4)COC3)cc2)CC1,1,*c1ccc(C(=O)NC2(c3ccc(Cl)cc3)COC2)cc1,*N1CCC(F)(C(F)(F)CCC)CC1,0.5491814,0.5492,1.0,0.0,0.9540598,-7.8174,1.0,1.0,[],51,6,HMxCEfKV9kbv8i5U8nZpizIatnY
11.1944,15.0125,94.9625,0.8591803,COc1cc(N2CCN(c3ccc(C(=O)NC4(c5ccc(Cl)cc5)COC4)cc3)CC2)ccn1,1,*c1ccc(C(=O)NC2(c3ccc(Cl)cc3)COC2)cc1,*N1CCN(c2ccnc(OC)c2)CC1,0.5820891,0.5821,1.0,0.0,0.9538133,-7.8149,1.0,1.0,[],172,0,3LTPJwhuCXfqYcSHmliIjrIa9Mw
14.4399,19.8522,91.795,0.8722439,CN(C)C(=O)C1CCN(C2CCCN(c3ccc(C(=O)NC4(c5ccc(Cl)cc5)COC4)cc3)C2)CC1,1,*c1ccc(C(=O)NC2(c3ccc(Cl)cc3)COC2)cc1,*N1CCCC(N2CCC(C(=O)N(C)C)CC2)C1,0.623044,0.623,1.0,1.0,0.9537854,-7.8147,1.0,1.0,[],62,1,RSOQmMkrOI5$YhQCp04q8mvacq0
8.3873,15.7841,97.5691,0.8855719,O=C(NC1(c2ccc(Cl)cc2)COC1)c1ccc(N2CCC(F)(C(F)(F)F)CC2)cc1,1,*c1ccc(C(=O)NC2(c3ccc(Cl)cc3)COC2)cc1,*N1CCC(F)(C(F)(F)F)CC1,0.667586,0.6676,1.0,0.0,0.9535278,-7.8121,1.0,1.0,[],67,6,u5H3VrjzPRDfWK1$NQjgu2Qcp74
20.407,32.8372,77.2645,0.8601697,CC1(C)C(F)CCN1C1CC(N2CCN(c3ccc(C(=O)NC4(c5ccc(Cl)cc5)COC4)cc3)CC2)C1,1,*c1ccc(C(=O)NC2(c3ccc(Cl)cc3)COC2)cc1,*N1CCN(C2CC(N3CCC(F)C3(C)C)C2)CC1,0.5856598,0.5857,1.0,1.0,0.9535154,-7.812,1.0,1.0,[],47,1,WD6gM8QqlQWjAU9Aj8V9911NXR8
12.0926,16.9835,-1.8094,0.1185477,O=C(NC1(c2ccc(Cl)cc2)COC1)c1ccc(N2CC[C@@H]3OCCN[C@H]3C2)cc1,1,*c1ccc(C(=O)NC2(c3ccc(Cl)cc3)COC2)cc1,*N1CC[C@@H]2OCCN[C@H]2C1,0.7848184,0.7848,0.0,2.0,0.9533452,-7.8104,1.0,1.0,[],14,1,2%8fpc7h%M4ak02HnPwJahv$S7s
16.2324,24.2526,82.3392,0.8327482,Cc1cc(C#N)cc(C)c1N1CCN(c2ccc(C(=O)NC3(c4ccc(Cl)cc4)COC3)cc2)C[C@H]1C,1,*c1ccc(C(=O)NC2(c3ccc(Cl)cc3)COC2)cc1,*N1CCN(c2c(C)cc(C#N)cc2C)[C@H](C)C1,0.5066199,0.5066,1.0,1.0,0.9532566,-7.8095,1.0,1.0,[],89,0,TGR12Uro1uHia8lwmZce907Ratc
13.8326,22.6073,87.5939,0.8609468,CC(C)(OC1CN(C2CN(c3ccc(C(=O)NC4(c5ccc(Cl)cc5)COC4)cc3)C2)C1)C(F)(F)F,1,*c1ccc(C(=O)NC2(c3ccc(Cl)cc3)COC2)cc1,*N1CC(N2CC(OC(C)(C)C(F)(F)F)C2)C1,0.5886532,0.5887,1.0,0.0,0.9531867,-7.8088,1.0,1.0,[],58,1,qmdYI7RjsQP%Ozw3uH3vLeno2mw
10.7344,22.1658,94.0576,0.9079953,CC1CN(C2CN(c3ccc(C(=O)NC4(c5ccc(Cl)cc5)COC4)cc3)C2)C1=O,1,*c1ccc(C(=O)NC2(c3ccc(Cl)cc3)COC2)cc1,*N1CC(N2CC(C)C2=O)C1,0.7480163,0.748,1.0,1.0,0.9531364,-7.8083,1.0,1.0,[],63,1,4sQYkJYfauKG3qTqo1iU0qt8Ywk
8.4212,10.8691,106.7815,0.9191449,CC(=O)N[C@@H]1CCN(c2ccc(C(=O)NC3(c4ccc(Cl)cc4)COC3)cc2)C1,1,*c1ccc(C(=O)NC2(c3ccc(Cl)cc3)COC2)cc1,*N1CC[C@@H](NC(C)=O)C1,0.7902629,0.7903,1.0,1.0,0.9531299,-7.8083,1.0,1.0,[],61,1,zeDlWs3gqkn7YQUPXkWEyUYVFas
9.5464,9.9697,107.6809,0.9191449,CC(=O)NC1CCN(c2ccc(C(=O)NC3(c4ccc(Cl)cc4)COC3)cc2)C1,1,*c1ccc(C(=O)NC2(c3ccc(Cl)cc3)COC2)cc1,*N1CCC(NC(C)=O)C1,0.7902629,0.7903,1.0,1.0,0.9531299,-7.8083,1.0,1.0,[],40,1,V6j25ydRvJLqcQzuhEbDcVM%sS8
8.4523,10.5888,107.0618,0.9191449,CC(=O)N[C@H]1CCN(c2ccc(C(=O)NC3(c4ccc(Cl)cc4)COC3)cc2)C1,1,*c1ccc(C(=O)NC2(c3ccc(Cl)cc3)COC2)cc1,*N1CC[C@H](NC(C)=O)C1,0.7902629,0.7903,1.0,1.0,0.9531299,-7.8083,1.0,1.0,[],63,1,kT6ygCfag25MdHwNKVPq$H8nvUQ
11.3909,28.2605,81.1805,0.8550075,O=C(NC1(c2ccc(Cl)cc2)COC1)c1ccc(N2CC3(C2)CN(c2ccnnc2)C3=O)cc1,1,*c1ccc(C(=O)NC2(c3ccc(Cl)cc3)COC2)cc1,*N1CC2(C(=O)N(c3ccnnc3)C2)C1,0.5707317,0.5707,1.0,0.0,0.9531126,-7.8081,1.0,1.0,[],175,0,ViV2JBKUsnusL9iq16uZLQ59rA8
14.7606,26.3696,84.2141,0.8639348,CCC1(N2CCN(c3ccc(C(=O)NC4(c5ccc(Cl)cc5)COC4)cc3)CC2C(F)(F)F)CC1,1,*c1ccc(C(=O)NC2(c3ccc(Cl)cc3)COC2)cc1,*N1CCN(C2(CC)CC2)C(C(F)(F)F)C1,0.5980483,0.598,1.0,1.0,0.9531092,-7.8081,1.0,1.0,[],48,1,sbB7Li2gJUzeyAllj%B2rUb7qCU
11.0149,30.7953,80.054,0.8660106,Cn1cnnc1C=C1CN(c2ccc(C(=O)NC3(c4ccc(Cl)cc4)COC3)cc2)C2(CC2)C1,1,*c1ccc(C(=O)NC2(c3ccc(Cl)cc3)COC2)cc1,*N1CC(=Cc2nncn2C)CC12CC2,0.6045931,0.6046,1.0,0.0,0.9530823,-7.8078,1.0,1.0,[],168,3,mK4oONS4vOdr5qEtU0D0juXqhPQ
12.2921,20.2227,91.776,0.8749896,Cc1cc(C2CCN(c3ccc(C(=O)NC4(c5ccc(Cl)cc5)COC4)cc3)C2)[nH]n1,1,*c1ccc(C(=O)NC2(c3ccc(Cl)cc3)COC2)cc1,*N1CCC(c2cc(C)n[nH]2)C1,0.6333444,0.6333,1.0,1.0,0.953069,-7.8077,1.0,1.0,[],195,3,tOOi5KzJizexVvZsodIFLiyRFbM
19.4905,22.4109,-7.2556,0.1184012,O=C(NC1(c2ccc(Cl)cc2)COC1)c1ccc(N2C[C@@H]3CC2C2CCCC23)cc1,1,*c1ccc(C(=O)NC2(c3ccc(Cl)cc3)COC2)cc1,*N1C[C@@H]2CC1C1CCCC12,0.7811482,0.7811,0.0,4.0,0.9530666,-7.8076,1.0,1.0,[],17,6,dC6V68vFiFTYRdx%PEFBIs9drgk
21.8638,29.2567,83.7056,0.8825179,O=C1CC2(CCC2)/C(=C2\CCCN(c3ccc(C(=O)NC4(c5ccc(Cl)cc5)COC4)cc3)C2)N1,1,*c1ccc(C(=O)NC2(c3ccc(Cl)cc3)COC2)cc1,*N1CCC/C(=C2/NC(=O)CC23CCC3)C1,0.6584028,0.6584,1.0,0.0,0.9529893,-7.8069,1.0,1.0,[],87,6,DZaL%VzT2P9cph0aS36wsKwRFB4
14.0986,15.9308,98.0042,0.8901175,O=C(NC1(c2ccc(Cl)cc2)COC1)c1ccc(N2CCCN(CCCl)CC2)cc1,1,*c1ccc(C(=O)NC2(c3ccc(Cl)cc3)COC2)cc1,*N1CCCN(CCCl)CC1,0.6843464,0.6843,1.0,0.0,0.9529696,-7.8067,1.0,1.0,[],119,1,nBPrZ$MjsJFvCf%Cd1WN9vRWWnA
8.7028,12.463,98.9889,0.8707173,Cc1cc(N2CCN(c3ccc(C(=O)NC4(c5ccc(Cl)cc5)COC4)cc3)CC2)ccn1,1,*c1ccc(C(=O)NC2(c3ccc(Cl)cc3)COC2)cc1,*N1CCN(c2ccnc(C)c2)CC1,0.6201371,0.6201,1.0,0.0,0.9527667,-7.8047,1.0,1.0,[],119,0,fQ3ZZ%QkldZQRwajOtDR7tu7NyQ
13.1091,18.9398,-3.5713,0.1200663,O=C(NC1(c2ccc(Cl)cc2)COC1)c1ccc(N2CC[C@@H]3CCOC[C@H]32)cc1,1,*c1ccc(C(=O)NC2(c3ccc(Cl)cc3)COC2)cc1,*N1CC[C@@H]2CCOC[C@H]21,0.8330041,0.833,0.0,2.0,0.952612,-7.8032,1.0,1.0,[],14,4,gDVj8pYpKBQ9uHEH$rCaF19x788
12.8963,23.9783,85.9741,0.8590036,CN1C(=O)N(CC2(C)COC2)C2(CN(c3ccc(C(=O)NC4(c5ccc(Cl)cc5)COC4)cc3)C2)C1=O,1,*c1ccc(C(=O)NC2(c3ccc(Cl)cc3)COC2)cc1,*N1CC2(C1)C(=O)N(C)C(=O)N2CC1(C)COC1,0.5838459,0.5838,1.0,0.0,0.9525616,-7.8028,1.0,1.0,[],67,1,111ayykSSpoHveRKh%xzX$YhKXY
12.1417,22.7271,90.2768,0.8828427,CC1(N2CCN(c3ccc(C(=O)NC4(c5ccc(Cl)cc5)COC4)cc3)CC2C(F)(F)F)CC1,1,*c1ccc(C(=O)NC2(c3ccc(Cl)cc3)COC2)cc1,*N1CCN(C2(C)CC2)C(C(F)(F)F)C1,0.6609374,0.6609,1.0,1.0,0.9522951,-7.8002,1.0,1.0,[],35,1,VqDcFI$OBRI33qwPyHOKlKfOPZY
10.4271,18.9526,93.4013,0.8777647,CC1CN(C(C)(C)C(F)(F)F)CCN1c1ccc(C(=O)NC2(c3ccc(Cl)cc3)COC2)cc1,1,*c1ccc(C(=O)NC2(c3ccc(Cl)cc3)COC2)cc1,*N1CCN(C(C)(C)C(F)(F)F)CC1C,0.6440237,0.644,1.0,1.0,0.9522842,-7.8001,1.0,1.0,[],43,1,W5xoACsrOXv%OHBUxGwrmJ$3YVo
20.5997,28.0338,82.5407,0.8638635,CC(C(=O)/C=C/N(C)C)C1CN(c2ccc(C(=O)NC3(c4ccc(Cl)cc4)COC3)cc2)C1,1,*c1ccc(C(=O)NC2(c3ccc(Cl)cc3)COC2)cc1,*N1CC(C(C)C(=O)/C=C/N(C)C)C1,0.5995095,0.5995,1.0,1.0,0.9522164,-7.7995,1.0,1.0,[],152,6,SgVYvL79LD9%NvMFNrRkkPaaOVc
8.2355,17.1442,101.1962,0.9245346,CC(C)C1CN(c2ccc(C(=O)NC3(c4ccc(Cl)cc4)COC3)cc2)CC1=O,1,*c1ccc(C(=O)NC2(c3ccc(Cl)cc3)COC2)cc1,*N1CC(=O)C(C(C)C)C1,0.8137923,0.8138,1.0,1.0,0.9521679,-7.799,1.0,1.0,[],55,6,GmLTykM97R$Ck2hbfLK2$H9Y56Y
10.174,20.98,94.1799,0.8996867,CN1C(=O)CC2(CCCN2c2ccc(C(=O)NC3(c4ccc(Cl)cc4)COC3)cc2)C1=O,1,*c1ccc(C(=O)NC2(c3ccc(Cl)cc3)COC2)cc1,*N1CCCC12CC(=O)N(C)C2=O,0.7200012,0.72,1.0,1.0,0.9521219,-7.7986,1.0,1.0,[],77,1,o$8dgEzd%wqvDDIJAMD$moJTm4c
10.4546,21.5188,86.6821,0.84532,CC(C)(N1CCN(c2ccc(C(=O)NC3(c4ccc(Cl)cc4)COC3)cc2)CC1)C(C)(C)C(F)(F)F,1,*c1ccc(C(=O)NC2(c3ccc(Cl)cc3)COC2)cc1,*N1CCN(C(C)(C)C(C)(C)C(F)(F)F)CC1,0.5440499,0.544,1.0,0.0,0.9520334,-7.7977,1.0,1.0,[],47,1,ME%czBEDyRBmJqvWCM5NZuhnPYw
12.796,16.6248,100.4324,0.9145092,O=C(NC1(c2ccc(Cl)cc2)COC1)c1ccc(N2CC(C(=O)C(F)(F)F)C2)cc1,1,*c1ccc(C(=O)NC2(c3ccc(Cl)cc3)COC2)cc1,*N1CC(C(=O)C(F)(F)F)C1,0.7751701,0.7752,1.0,0.0,0.9520281,-7.7977,1.0,1.0,[],32,6,bsYwrcvPEaGt67JXGDKwz0hyr6Y
14.4103,15.9829,-0.9923,0.1171135,CC(=O)NC1CC(C)CN(c2ccc(C(=O)NC3(c4ccc(Cl)cc4)COC3)cc2)C1,1,*c1ccc(C(=O)NC2(c3ccc(Cl)cc3)COC2)cc1,*N1CC(C)CC(NC(C)=O)C1,0.7460945,0.7461,0.0,2.0,0.9520192,-7.7976,1.0,1.0,[],104,1,cTfwrTyE%iuAf3%AgkIQCVWqfGw
12.7921,25.16,81.3601,0.832188,CCCc1n[nH]c(CC2CCN(c3ccc(C(=O)NC4(c5ccc(Cl)cc5)COC4)cc3)C2)n1,1,*c1ccc(C(=O)NC2(c3ccc(Cl)cc3)COC2)cc1,*N1CCC(Cc2n[nH]c(CCC)n2)C1,0.5071374,0.5071,1.0,1.0,0.9519708,-7.7971,1.0,1.0,[],182,3,uPvTTOpWA7Ca$04bMGNowilo0uY
12.3697,8.8751,103.449,0.8775323,O=C(NC1(c2ccc(Cl)cc2)COC1)c1ccc(N2CCN(c3ccncc3)CC2)cc1,1,*c1ccc(C(=O)NC2(c3ccc(Cl)cc3)COC2)cc1,*N1CCN(c2ccncc2)CC1,0.6443512,0.6444,1.0,0.0,0.9517447,-7.795,1.0,1.0,[],169,0,jmxafws%hJBZN5Rv450hRTKSpmI
10.5981,19.7066,88.4474,0.8449525,COc1ccc(CC2CCN(c3ccc(C(=O)NC4(c5ccc(Cl)cc5)COC4)cc3)C2)nc1,1,*c1ccc(C(=O)NC2(c3ccc(Cl)cc3)COC2)cc1,*N1CCC(Cc2ccc(OC)cn2)C1,0.5437036,0.5437,1.0,1.0,0.9516144,-7.7937,1.0,1.0,[],193,3,fZ%i9m750qHN$qOjRneDonVyI4E
12.3796,21.5228,-6.5723,0.1168007,O=C(NC1(c2ccc(Cl)cc2)COC1)c1ccc(N2CC(N3CC(O)C(F)C3)C2)cc1,1,*c1ccc(C(=O)NC2(c3ccc(Cl)cc3)COC2)cc1,*N1CC(N2CC(O)C(F)C2)C1,0.7383668,0.7384,0.0,2.0,0.9515048,-7.7927,1.0,1.0,[],43,1,MakJU9tOhYCqyuyb90%mSMHvBeo
14.3273,17.2321,100.8627,0.9226164,O=C(NC1(c2ccc(Cl)cc2)COC1)c1ccc(N2CC(O)C3(CCC3)C2)cc1,1,*c1ccc(C(=O)NC2(c3ccc(Cl)cc3)COC2)cc1,*N1CC(O)C2(CCC2)C1,0.8080266,0.808,1.0,1.0,0.9514585,-7.7923,1.0,1.0,[],126,6,kal1CP0tXsVP2UU3hrCOBWvSwwY
15.5956,17.701,-2.7528,0.1167829,O=C(NC1(c2ccc(Cl)cc2)COC1)c1ccc(N2CC[C@H](O)[C@@H](C(F)(F)F)C2)cc1,1,*c1ccc(C(=O)NC2(c3ccc(Cl)cc3)COC2)cc1,*N1CC[C@H](O)[C@@H](C(F)(F)F)C1,0.738463,0.7385,0.0,2.0,0.951246,-7.7903,1.0,1.0,[],77,6,Rsl4I2aVst5FXbS%ghU6tQhluK0
11.5752,22.088,90.6676,0.880903,Cc1cc([C@@H]2CCN2c2ccc(C(=O)NC3(c4ccc(Cl)cc4)COC3)cc2)n(C)n1,1,*c1ccc(C(=O)NC2(c3ccc(Cl)cc3)COC2)cc1,*N1CC[C@H]1c1cc(C)nn1C,0.6566246,0.6566,1.0,1.0,0.9512318,-7.7902,1.0,1.0,[],157,2,xDdD3s6TUAwhJgi9WFpw26oOXBI
9.0129,16.3367,97.9591,0.8929361,Cc1c2c(nn1C)CN(c1ccc(C(=O)NC3(c4ccc(Cl)cc4)COC3)cc1)C2,1,*c1ccc(C(=O)NC2(c3ccc(Cl)cc3)COC2)cc1,*N1Cc2nn(C)c(C)c2C1,0.6980457,0.698,1.0,0.0,0.9511945,-7.7898,1.0,1.0,[],115,2,FGkjizOU50Zg%otQYsGFh68Zy0k
20.4455,24.7315,81.6397,0.831025,CO/N=C1\CCN(c2ccc(C(=O)NC3(c4ccc(Cl)cc4)COC3)cc2)C(c2cccnc2)C1,1,*c1ccc(C(=O)NC2(c3ccc(Cl)cc3)COC2)cc1,*N1CC/C(=N\OC)CC1c1cccnc1,0.5052174,0.5052,1.0,1.0,0.9511778,-7.7896,1.0,1.0,[],103,2,Y8UPoCeRDMi7JzCsXABQ$l$Stmw
22.0169,27.7372,-13.2581,0.1131181,CC(C(=O)N=C1CCCN1)C1CCN(c2ccc(C(=O)NC3(c4ccc(Cl)cc4)COC3)cc2)C1,1,*c1ccc(C(=O)NC2(c3ccc(Cl)cc3)COC2)cc1,*N1CCC(C(C)C(=O)NC2=NCCC2)C1,0.6400989,0.6401,0.0,2.0,0.9510767,-7.7887,1.0,1.0,[],137,6,j8MsLQERvcEXGiLD$wO31TOt0gQ
10.8438,24.8888,86.8024,0.8725872,O=C(NC1(c2ccc(Cl)cc2)COC1)c1ccc(N2CC(=C(C3CC3)C(F)(F)F)C2)cc1,1,*c1ccc(C(=O)NC2(c3ccc(Cl)cc3)COC2)cc1,*N1CC(=C(C(F)(F)F)C2CC2)C1,0.629639,0.6296,1.0,0.0,0.9510048,-7.788,1.0,1.0,[],74,6,qMcdjOTMebsCp8ed2kYIlxAZQhc
12.5947,17.1397,93.0246,0.8606584,Cc1n[nH]c(C)c1[C@H]1CCCN1c1ccc(C(=O)NC2(c3ccc(Cl)cc3)COC2)cc1,1,*c1ccc(C(=O)NC2(c3ccc(Cl)cc3)COC2)cc1,*N1CCC[C@@H]1c1c(C)n[nH]c1C,0.5918768,0.5919,1.0,1.0,0.950975,-7.7878,1.0,1.0,[],193,2,%10LWG9kyLVdm%9Gk1tFBwXvU9o
11.8176,21.4261,88.684,0.8602347,COc1nccc([C@@H]2CCCN2c2ccc(C(=O)NC3(c4ccc(Cl)cc4)COC3)cc2)n1,1,*c1ccc(C(=O)NC2(c3ccc(Cl)cc3)COC2)cc1,*N1CCC[C@H]1c1ccnc(OC)n1,0.590605,0.5906,1.0,1.0,0.9509544,-7.7876,1.0,1.0,[],192,2,OOAaFy01XPT%maMVDnL7oV2Njs4
10.8467,21.9456,88.1644,0.8602347,COc1nccc(C2CCCN2c2ccc(C(=O)NC3(c4ccc(Cl)cc4)COC3)cc2)n1,1,*c1ccc(C(=O)NC2(c3ccc(Cl)cc3)COC2)cc1,*N1CCCC1c1ccnc(OC)n1,0.590605,0.5906,1.0,1.0,0.9509544,-7.7876,1.0,1.0,[],169,2,zBzFbnUSTTMQOeR3xZY2MtdTL7c
15.051,29.5398,80.7593,0.8617115,COc1nncc(C2CCCN2c2ccc(C(=O)NC3(c4ccc(Cl)cc4)COC3)cc2)n1,1,*c1ccc(C(=O)NC2(c3ccc(Cl)cc3)COC2)cc1,*N1CCCC1c1cnnc(OC)n1,0.5951816,0.5952,1.0,1.0,0.9509544,-7.7876,1.0,1.0,[],119,2,uQLK$e7guJizCOS6QxqGxvb$b1A
13.1081,19.8228,89.4923,0.8540246,COc1ncccc1[C@H]1CCCN1c1ccc(C(=O)NC2(c3ccc(Cl)cc3)COC2)cc1,1,*c1ccc(C(=O)NC2(c3ccc(Cl)cc3)COC2)cc1,*N1CCC[C@@H]1c1cccnc1OC,0.5716596,0.5717,1.0,1.0,0.9509544,-7.7876,1.0,1.0,[],77,2,9FTI8%HN$nrQCL$crn3pkMyXXK4
10.0396,17.796,95.0253,0.8814163,Cn1nnc(C2CCCN2c2ccc(C(=O)NC3(c4ccc(Cl)cc4)COC3)cc2)n1,1,*c1ccc(C(=O)NC2(c3ccc(Cl)cc3)COC2)cc1,*N1CCCC1c1nnn(C)n1,0.6589246,0.6589,1.0,1.0,0.9509544,-7.7876,1.0,1.0,[],106,-1,qQBCH0Fqnqbna0GBruDKoRtuFV0
11.8937,18.647,94.3598,0.882866,Cn1nc2c(c1C#N)CN(c1ccc(C(=O)NC3(c4ccc(Cl)cc4)COC3)cc1)CC2,1,*c1ccc(C(=O)NC2(c3ccc(Cl)cc3)COC2)cc1,*N1CCc2nn(C)c(C#N)c2C1,0.6638213,0.6638,1.0,0.0,0.9509517,-7.7875,1.0,1.0,[],119,2,GJYVhQpFs7hc$%6I5ETg6KjLmYY
11.9704,23.1182,87.8167,0.8666784,O=C(NC1(c2ccc(Cl)cc2)COC1)c1ccc(N2CCCCC2c2ncsn2)cc1,1,*c1ccc(C(=O)NC2(c3ccc(Cl)cc3)COC2)cc1,*N1CCCCC1c1ncsn1,0.6108341,0.6108,1.0,1.0,0.9509241,-7.7873,1.0,1.0,[],115,-1,4D$LkUOvL9JU99DpaDT5wPTUq2A
7.1214,16.3583,96.5398,0.8820165,Cc1nc2c(c(=O)n1C)CN(c1ccc(C(=O)NC3(c4ccc(Cl)cc4)COC3)cc1)C2,1,*c1ccc(C(=O)NC2(c3ccc(Cl)cc3)COC2)cc1,*N1Cc2nc(C)n(C)c(=O)c2C1,0.661038,0.661,1.0,0.0,0.9509104,-7.7871,1.0,1.0,[],146,2,wdIvbw4b%znplx2VmUmPk9JBp1w
12.5888,24.3293,86.808,0.8682605,Cc1ncnc(OC2CN(c3ccc(C(=O)NC4(c5ccc(Cl)cc5)COC4)cc3)C2)n1,1,*c1ccc(C(=O)NC2(c3ccc(Cl)cc3)COC2)cc1,*N1CC(Oc2ncnc(C)n2)C1,0.6159092,0.6159,1.0,0.0,0.9509029,-7.7871,1.0,1.0,[],118,-1,q2HEPoYOG0JdYy6X8TnxEkzkkvE
14.6951,20.9206,89.4888,0.8625739,CCn1ccc(C2CCCN2c2ccc(C(=O)NC3(c4ccc(Cl)cc4)COC3)cc2)n1,1,*c1ccc(C(=O)NC2(c3ccc(Cl)cc3)COC2)cc1,*N1CCCC1c1ccn(CC)n1,0.5979931,0.598,1.0,1.0,0.9508874,-7.7869,1.0,1.0,[],64,2,Ye5TUv7iWNnEXPv$40QM2MVKYJA
11.9566,22.5656,88.4131,0.8670213,Cc1nnc(C2CCCCN2c2ccc(C(=O)NC3(c4ccc(Cl)cc4)COC3)cc2)n1C,1,*c1ccc(C(=O)NC2(c3ccc(Cl)cc3)COC2)cc1,*N1CCCCC1c1nnc(C)n1C,0.6120526,0.6121,1.0,1.0,0.9508567,-7.7867,1.0,1.0,[],142,-1,whDbkB$EIiIJ6D7ZWQa7vSjF0no
18.151,24.8209,84.4066,0.8533394,O=C(NC1(c2ccc(Cl)cc2)COC1)c1ccc(N2CCC3(CC2)CN(CC(F)(F)F)C[C@@H]3F)cc1,1,*c1ccc(C(=O)NC2(c3ccc(Cl)cc3)COC2)cc1,*N1CCC2(CC1)CN(CC(F)(F)F)C[C@@H]2F,0.5697939,0.5698,1.0,1.0,0.9508457,-7.7865,1.0,1.0,[],37,-1,yeXFxcrXpmfsu2m%%FDJMf3$4Lw
13.0426,26.8099,84.077,0.866304,Cc1ncnc(C2CCCCN2c2ccc(C(=O)NC3(c4ccc(Cl)cc4)COC3)cc2)n1,1,*c1ccc(C(=O)NC2(c3ccc(Cl)cc3)COC2)cc1,*N1CCCCC1c1ncnc(C)n1,0.6098134,0.6098,1.0,1.0,0.950838,-7.7865,1.0,1.0,[],148,-1,equWM2g9eNfkrHW5tH2K679PfFU
11.91,25.2062,84.5032,0.8571044,Cc1nc(C)nc(C2CCCCN2c2ccc(C(=O)NC3(c4ccc(Cl)cc4)COC3)cc2)n1,1,*c1ccc(C(=O)NC2(c3ccc(Cl)cc3)COC2)cc1,*N1CCCCC1c1nc(C)nc(C)n1,0.5812088,0.5812,1.0,1.0,0.950838,-7.7865,1.0,1.0,[],181,-1,JZOvxFh1xM6Hg8AqtzAzibPb9wg
10.439,16.5651,95.631,0.876532,Cn1cc(C2COCCN2c2ccc(C(=O)NC3(c4ccc(Cl)cc4)COC3)cc2)cn1,1,*c1ccc(C(=O)NC2(c3ccc(Cl)cc3)COC2)cc1,*N1CCOCC1c1cnn(C)c1,0.6428975,0.6429,1.0,1.0,0.9508333,-7.7864,1.0,1.0,[],124,2,HZ9$7yA6O%XVY3Nm9OWiL0V4hHI
9.0375,19.7596,93.141,0.8820358,Cn1cnc(C2CCCN2c2ccc(C(=O)NC3(c4ccc(Cl)cc4)COC3)cc2)n1,1,*c1ccc(C(=O)NC2(c3ccc(Cl)cc3)COC2)cc1,*N1CCCC1c1ncn(C)n1,0.6613453,0.6613,1.0,1.0,0.9507942,-7.7861,1.0,1.0,[],134,-1,Y7$ycO7oQtu2wB$vUa$ZoMNc17M
9.8,20.164,92.7366,0.8820358,Cn1cnc([C@@H]2CCCN2c2ccc(C(=O)NC3(c4ccc(Cl)cc4)COC3)cc2)n1,1,*c1ccc(C(=O)NC2(c3ccc(Cl)cc3)COC2)cc1,*N1CCC[C@H]1c1ncn(C)n1,0.6613453,0.6613,1.0,1.0,0.9507942,-7.7861,1.0,1.0,[],143,-1,gQ%feQ29oGmRZt$J4JKHiZQzLb8
8.7035,18.4052,93.0083,0.8704178,Cn1cc(C2CCCCN2c2ccc(C(=O)NC3(c4ccc(Cl)cc4)COC3)cc2)cn1,1,*c1ccc(C(=O)NC2(c3ccc(Cl)cc3)COC2)cc1,*N1CCCCC1c1cnn(C)c1,0.6230534,0.6231,1.0,1.0,0.9507869,-7.786,1.0,1.0,[],117,2,ICbi1QjLR0BmyT8z2BzMy8JXfl4
12.294,20.3742,90.464,0.8659231,O=C(NC1(c2ccc(Cl)cc2)COC1)c1ccc(N2CCC3(C2)CN(c2ccnnc2)C3)cc1,1,*c1ccc(C(=O)NC2(c3ccc(Cl)cc3)COC2)cc1,*N1CCC2(C1)CN(c1ccnnc1)C2,0.608713,0.6087,1.0,0.0,0.9507831,-7.786,1.0,1.0,[],45,0,IQH0NZtWSQAexNA$r1j8iiniFcY
20.119,33.4393,74.2624,0.8414197,C=[N+](O)c1cc(C2CCCN2c2ccc(C(=O)NC3(c4ccc(Cl)cc4)COC3)cc2)ncn1,1,*c1ccc(C(=O)NC2(c3ccc(Cl)cc3)COC2)cc1,*N1CCCC1c1cc([N+](C)=O)ncn1,0.5349672,0.535,1.0,1.0,0.9507726,-7.7859,1.0,1.0,[],164,2,SWRT$$nnn%hVAtXrlnhG2084p%0
11.397,19.8621,90.263,0.8603519,Nc1nccc(C2CCCCN2c2ccc(C(=O)NC3(c4ccc(Cl)cc4)COC3)cc2)n1,1,*c1ccc(C(=O)NC2(c3ccc(Cl)cc3)COC2)cc1,*N1CCCCC1c1ccnc(N)n1,0.5913335,0.5913,1.0,1.0,0.950758,-7.7857,1.0,1.0,[],152,2,zmxfIOmxTy4q2EbrOmxvSYW4C3I
12.7392,19.4937,93.5127,0.8828622,Cc1cc(C2CCN2c2ccc(C(=O)NC3(c4ccc(Cl)cc4)COC3)cc2)no1,1,*c1ccc(C(=O)NC2(c3ccc(Cl)cc3)COC2)cc1,*N1CCC1c1cc(C)on1,0.6642742,0.6643,1.0,1.0,0.9507294,-7.7855,1.0,1.0,[],83,2,VAbVfNjiDkacvkOcZwY$jAsb6ow
11.3211,20.2539,96.8715,0.9150419,C=C1CCN(c2ccc(C(=O)NC3(c4ccc(Cl)cc4)COC3)cc2)CC1C#N,1,*c1ccc(C(=O)NC2(c3ccc(Cl)cc3)COC2)cc1,*N1CCC(=C)C(C#N)C1,0.7803972,0.7804,1.0,1.0,0.9507279,-7.7855,1.0,1.0,[],70,6,9dGwo6gC7K$NecEPZEPtOD04v$M
10.0103,18.9373,94.6981,0.8877763,O=C(NC1(c2ccc(Cl)cc2)COC1)c1ccc(N2CC(N3CCC(C(F)F)CC3)C2)cc1,1,*c1ccc(C(=O)NC2(c3ccc(Cl)cc3)COC2)cc1,*N1CC(N2CCC(C(F)F)CC2)C1,0.6810829,0.6811,1.0,0.0,0.9507259,-7.7854,1.0,1.0,[],40,1,sUysg%D3uEI$cHbHbjwWAFS%zMY
11.3681,18.3596,93.1773,0.8713818,Cc1nn(C)cc1[C@@H]1CCCN1c1ccc(C(=O)NC2(c3ccc(Cl)cc3)COC2)cc1,1,*c1ccc(C(=O)NC2(c3ccc(Cl)cc3)COC2)cc1,*N1CCC[C@H]1c1cn(C)nc1C,0.6263327,0.6263,1.0,1.0,0.950702,-7.7852,1.0,1.0,[],111,2,G0ejY0nE3Y3%6yhKgulN8e6rFiA
10.7302,23.7471,89.9345,0.8881376,Cn1nncc1[C@H]1CCN1c1ccc(C(=O)NC2(c3ccc(Cl)cc3)COC2)cc1,1,*c1ccc(C(=O)NC2(c3ccc(Cl)cc3)COC2)cc1,*N1CC[C@@H]1c1cnnn1C,0.682394,0.6824,1.0,1.0,0.9506967,-7.7852,1.0,1.0,[],134,2,HlGZeZgXgEcKDohNii3spWDNohU
12.3618,24.1685,88.7512,0.8821857,Cc1nc(C2CCN2c2ccc(C(=O)NC3(c4ccc(Cl)cc4)COC3)cc2)nn1C,1,*c1ccc(C(=O)NC2(c3ccc(Cl)cc3)COC2)cc1,*N1CCC1c1nc(C)n(C)n1,0.662059,0.6621,1.0,1.0,0.9506948,-7.7851,1.0,1.0,[],35,-1,LabQyCjeoy8B9eK4%QzRqyAgnAA
12.9952,26.9381,85.9817,0.8821857,Cc1nc([C@H]2CCN2c2ccc(C(=O)NC3(c4ccc(Cl)cc4)COC3)cc2)nn1C,1,*c1ccc(C(=O)NC2(c3ccc(Cl)cc3)COC2)cc1,*N1CC[C@@H]1c1nc(C)n(C)n1,0.662059,0.6621,1.0,1.0,0.9506948,-7.7851,1.0,1.0,[],180,-1,QfQ1LqFCzY76Hom%CneT8rJxkk8
11.8516,14.636,104.1125,0.9277233,CC1CN(c2ccc(C(=O)NC3(c4ccc(Cl)cc4)COC3)cc2)CC2(CC2)O1,1,*c1ccc(C(=O)NC2(c3ccc(Cl)cc3)COC2)cc1,*N1CC(C)OC2(CC2)C1,0.8304077,0.8304,1.0,1.0,0.9506717,-7.7849,1.0,1.0,[],143,-1,M9MQfaEcxEwp2ghlMtdVxqnJZbM
13.9975,25.7121,86.8478,0.8793743,O=C(NC1(c2ccc(Cl)cc2)COC1)c1ccc(N2CCCC23CCn2nccc23)cc1,1,*c1ccc(C(=O)NC2(c3ccc(Cl)cc3)COC2)cc1,*N1CCCC12CCn1nccc12,0.6526678,0.6527,1.0,1.0,0.9506704,-7.7849,1.0,1.0,[],143,2,r82vCtoHrwW5qFhgEb6MDxWUaFA
12.2739,20.4164,93.9678,0.8936267,O=C(NC1(c2ccc(Cl)cc2)COC1)c1ccc(N2CCCC(C(F)(F)CO)C2)cc1,1,*c1ccc(C(=O)NC2(c3ccc(Cl)cc3)COC2)cc1,*N1CCCC(C(F)(F)CO)C1,0.701656,0.7017,1.0,1.0,0.950662,-7.7848,1.0,1.0,[],35,6,X$LPo7eHG%FALya7xuduS$RKij0
9.4336,18.7514,91.6537,0.8625397,CN(C)c1cc(C2CN(c3ccc(C(=O)NC4(c5ccc(Cl)cc5)COC4)cc3)C2)ccn1,1,*c1ccc(C(=O)NC2(c3ccc(Cl)cc3)COC2)cc1,*N1CC(c2ccnc(N(C)C)c2)C1,0.5983133,0.5983,1.0,0.0,0.9506611,-7.7848,1.0,1.0,[],91,-1,uhggvyZfMJLR90sejn0cp%m%%1Q
9.2555,20.3477,91.6722,0.8751551,Cc1nnc([C@@H]2CCCN2c2ccc(C(=O)NC3(c4ccc(Cl)cc4)COC3)cc2)n1C,1,*c1ccc(C(=O)NC2(c3ccc(Cl)cc3)COC2)cc1,*N1CCC[C@H]1c1nnc(C)n1C,0.6388391,0.6388,1.0,1.0,0.9505984,-7.7843,1.0,1.0,[],163,-1,cvlohUhcaxEGgKJzvJGdWRoehv0
8.4347,18.7128,99.0777,0.9202382,CC1C(=O)CN(c2ccc(C(=O)NC3(c4ccc(Cl)cc4)COC3)cc2)CC1(C)C,1,*c1ccc(C(=O)NC2(c3ccc(Cl)cc3)COC2)cc1,*N1CC(=O)C(C)C(C)(C)C1,0.8008856,0.8009,1.0,1.0,0.9505907,-7.7842,1.0,1.0,[],55,6,PrYNyqViiFejMVuimqJ5S3vjw2w
11.1246,22.64,88.3223,0.866893,Cc1nc(C)nc(C2CCCN2c2ccc(C(=O)NC3(c4ccc(Cl)cc4)COC3)cc2)n1,1,*c1ccc(C(=O)NC2(c3ccc(Cl)cc3)COC2)cc1,*N1CCCC1c1nc(C)nc(C)n1,0.6121804,0.6122,1.0,1.0,0.9505795,-7.7841,1.0,1.0,[],124,-1,67LERlF9DeLIr18Mz5V3gvJdLYk
9.4206,18.4647,93.0008,0.8708245,Cc1nccc(C2CCCN2c2ccc(C(=O)NC3(c4ccc(Cl)cc4)COC3)cc2)n1,1,*c1ccc(C(=O)NC2(c3ccc(Cl)cc3)COC2)cc1,*N1CCCC1c1ccnc(C)n1,0.6247736,0.6248,1.0,1.0,0.9505795,-7.7841,1.0,1.0,[],115,2,QnnNGSgUGeOnRICVOy6RpJP$6Nk
15.097,19.2441,91.4147,0.8645218,O=C(NC1(c2ccc(Cl)cc2)COC1)c1ccc(N2CC[C@H](Oc3nn[nH]n3)C2)cc1,1,*c1ccc(C(=O)NC2(c3ccc(Cl)cc3)COC2)cc1,*N1CC[C@H](Oc2nn[nH]n2)C1,0.6046936,0.6047,1.0,1.0,0.950573,-7.784,1.0,1.0,[],182,-1,JlDX$YAcQOtuyEEzwIEMjS1Fahs
13.4389,27.6549,83.1482,0.8656488,O=C(NC1(c2ccc(Cl)cc2)COC1)c1ccc(N2CCCC(F)(C(F)(F)C3CC3)C2)cc1,1,*c1ccc(C(=O)NC2(c3ccc(Cl)cc3)COC2)cc1,*N1CCCC(F)(C(F)(F)C2CC2)C1,0.6082829,0.6083,1.0,1.0,0.9505553,-7.7839,1.0,1.0,[],58,6,6Um1yH7YLrKyhZ7%JbSUPaKjPNQ
18.0006,28.8047,78.3942,0.8374915,CC1(C)C(N2CCC(OC(F)(F)F)CC2)CCN1c1ccc(C(=O)NC2(c3ccc(Cl)cc3)COC2)cc1,1,*c1ccc(C(=O)NC2(c3ccc(Cl)cc3)COC2)cc1,*N1CCC(N2CCC(OC(F)(F)F)CC2)C1(C)C,0.524208,0.5242,1.0,1.0,0.9505377,-7.7837,1.0,1.0,[],34,1,eACylUl08gCHTS$3e%YnRIDST%M
13.9216,27.7156,83.7934,0.8711637,O=C(NC1(c2ccc(Cl)cc2)COC1)c1ccc(N2CCCC2c2ccnnc2F)cc1,1,*c1ccc(C(=O)NC2(c3ccc(Cl)cc3)COC2)cc1,*N1CCCC1c1ccnnc1F,0.6259519,0.626,1.0,1.0,0.9505376,-7.7837,1.0,1.0,[],178,2,1S3UNwuyV0XKMl%FuCJC2Aq0$ZM
9.2158,15.6404,96.9811,0.8798555,Cn1cc([C@@H]2CCCN2c2ccc(C(=O)NC3(c4ccc(Cl)cc4)COC3)cc2)cn1,1,*c1ccc(C(=O)NC2(c3ccc(Cl)cc3)COC2)cc1,*N1CCC[C@H]1c1cnn(C)c1,0.65457,0.6546,1.0,1.0,0.9505281,-7.7836,1.0,1.0,[],123,2,Sns4ipiGM2u%qAlEt3vJrJjKYuY
13.1772,25.1586,84.9175,0.8599702,COc1ncncc1C1CCCN1c1ccc(C(=O)NC2(c3ccc(Cl)cc3)COC2)cc1,1,*c1ccc(C(=O)NC2(c3ccc(Cl)cc3)COC2)cc1,*N1CCCC1c1cncnc1OC,0.590605,0.5906,1.0,1.0,0.9505159,-7.7835,1.0,1.0,[],171,2,wVFQ8wk88X9sJwQ9yYRZ6QXr%%A
10.5062,31.0652,80.7125,0.8732634,Nc1ncnc([C@@H]2CCN2c2ccc(C(=O)NC3(c4ccc(Cl)cc4)COC3)cc2)n1,1,*c1ccc(C(=O)NC2(c3ccc(Cl)cc3)COC2)cc1,*N1CC[C@H]1c1ncnc(N)n1,0.6328355,0.6328,1.0,1.0,0.9505047,-7.7834,1.0,1.0,[],146,-1,aywK4qxR4JE3Wz1Coeovf4THtYU
11.9679,30.4506,80.351,0.8656372,Cn1c(Cl)nc2c(c1=O)N(c1ccc(C(=O)NC3(c4ccc(Cl)cc4)COC3)cc1)C2,1,*c1ccc(C(=O)NC2(c3ccc(Cl)cc3)COC2)cc1,*N1Cc2nc(Cl)n(C)c(=O)c21,0.6083468,0.6083,1.0,0.0,0.9505029,-7.7834,1.0,1.0,[],156,2,NPY%B4XELSpvJZnuXGcbsRdeXv8
11.7123,17.268,94.0161,0.8694072,O=C(NC1(c2ccc(Cl)cc2)COC1)c1ccc(N2CCCC2c2cscn2)cc1,1,*c1ccc(C(=O)NC2(c3ccc(Cl)cc3)COC2)cc1,*N1CCCC1c1cscn1,0.6203827,0.6204,1.0,1.0,0.9504917,-7.7833,1.0,1.0,[],149,-1,BJXWSKuPj$37WNfaDKIZlPpIX8s
10.587,20.0018,92.2593,0.8770399,O=C(NC1(c2ccc(Cl)cc2)COC1)c1ccc(N2CCCCC2c2ncon2)cc1,1,*c1ccc(C(=O)NC2(c3ccc(Cl)cc3)COC2)cc1,*N1CCCCC1c1ncon1,0.6452715,0.6453,1.0,1.0,0.9504915,-7.7833,1.0,1.0,[],134,-1,C6dJ4rP3SPAHPC2YHwowWCKsI$4
9.1582,15.8162,100.8148,0.91118,O=C(NC1(c2ccc(Cl)cc2)COC1)c1ccc(N2CC(N3CCC(F)CC3)C2)cc1,1,*c1ccc(C(=O)NC2(c3ccc(Cl)cc3)COC2)cc1,*N1CC(N2CCC(F)CC2)C1,0.7662637,0.7663,1.0,0.0,0.9504884,-7.7832,1.0,1.0,[],38,1,vFSmCo5iZHIATdovJl5VIyyu0Fo
14.1403,22.6232,87.1362,0.8574952,Cc1cc(C)nc(N(C)C2CN(c3ccc(C(=O)NC4(c5ccc(Cl)cc5)COC4)cc3)C2)n1,1,*c1ccc(C(=O)NC2(c3ccc(Cl)cc3)COC2)cc1,*N1CC(N(C)c2nc(C)cc(C)n2)C1,0.5830684,0.5831,1.0,0.0,0.9504758,-7.7831,1.0,1.0,[],143,0,k598BfASQuLzCetwJSxy4Y8r$KQ
8.2195,15.6758,97.8419,0.8868569,Cc1c2c(nn1C)CCN(c1ccc(C(=O)NC3(c4ccc(Cl)cc4)COC3)cc1)C2,1,*c1ccc(C(=O)NC2(c3ccc(Cl)cc3)COC2)cc1,*N1CCc2nn(C)c(C)c2C1,0.6784899,0.6785,1.0,0.0,0.9504572,-7.783,1.0,1.0,[],135,2,kz3j0YcTvQxO0ivMtqXXLTEe$Sc
19.0696,27.8358,81.7677,0.8562768,N#Cc1ccc(CC2CN(c3ccc(C(=O)NC4(c5ccc(Cl)cc5)COC4)cc3)C2)s1,1,*c1ccc(C(=O)NC2(c3ccc(Cl)cc3)COC2)cc1,*N1C[C@@H](Cc2ccc(C#N)s2)C1,0.5794895,0.5795,1.0,0.0,0.9503992,-7.7824,1.0,1.0,[],183,-1,j50J53zkfaEjYoA6XFkE1hHx6$I
10.3811,16.1842,101.4146,0.9187403,C[C@H]1CCN(C2CN(c3ccc(C(=O)NC4(c5ccc(Cl)cc5)COC4)cc3)C2)C1,1,*c1ccc(C(=O)NC2(c3ccc(Cl)cc3)COC2)cc1,*N1CC(N2CC[C@H](C)C2)C1,0.7955729,0.7956,1.0,1.0,0.9503767,-7.7822,1.0,1.0,[],39,1,rLckTb6gDLFRUJ6s3hG22WWz5fE
13.2079,22.3633,84.2887,0.8332189,Cc1nc(Cl)cc(C2CCCN2c2ccc(C(=O)NC3(c4ccc(Cl)cc4)COC3)cc2)n1,1,*c1ccc(C(=O)NC2(c3ccc(Cl)cc3)COC2)cc1,*N1CCCC1c1cc(Cl)nc(C)n1,0.5125499,0.5125,1.0,1.0,0.9503712,-7.7822,1.0,1.0,[],175,2,N$YDOrrfKY8d4QfIMIOaPTN$dUU
10.2451,17.2773,93.8619,0.868275,Nc1cc(C2CCN(c3ccc(C(=O)NC4(c5ccc(Cl)cc5)COC4)cc3)C2)ccn1,1,*c1ccc(C(=O)NC2(c3ccc(Cl)cc3)COC2)cc1,*N1CCC(c2ccnc(N)c2)C1,0.6169909,0.617,1.0,1.0,0.9503707,-7.7822,1.0,1.0,[],197,-1,gXFQx32wyeRN$ULf9QgUKtWtiXQ
12.2993,18.7666,92.3726,0.868275,Nc1cc([C@@H]2CCN(c3ccc(C(=O)NC4(c5ccc(Cl)cc5)COC4)cc3)C2)ccn1,1,*c1ccc(C(=O)NC2(c3ccc(Cl)cc3)COC2)cc1,*N1CC[C@@H](c2ccnc(N)c2)C1,0.6169909,0.617,1.0,1.0,0.9503707,-7.7822,1.0,1.0,[],125,-1,c9rBqKAg4nzzR63tzXchqxlo%oY
13.4592,28.2689,83.6093,0.8740484,O=C(NC1(c2ccc(Cl)cc2)COC1)c1ccc(N2CCCC[C@@H]2c2ncncn2)cc1,1,*c1ccc(C(=O)NC2(c3ccc(Cl)cc3)COC2)cc1,*N1CCCC[C@@H]1c1ncncn1,0.6356728,0.6357,1.0,1.0,0.9503685,-7.7821,1.0,1.0,[],149,-1,NgkO4XZ6kqNsvefwXn5q1rOnqnY
12.9732,19.3731,91.9373,0.8696124,O=C(NC1(c2ccc(Cl)cc2)COC1)c1ccc(N2CCCCC2c2cnccn2)cc1,1,*c1ccc(C(=O)NC2(c3ccc(Cl)cc3)COC2)cc1,*N1CCCCC1c1cnccn1,0.6212833,0.6213,1.0,1.0,0.9503685,-7.7821,1.0,1.0,[],77,2,WVkZfEGCZ5q7juwGentbkQXME0M
12.5668,26.4684,85.4098,0.8740484,O=C(NC1(c2ccc(Cl)cc2)COC1)c1ccc(N2CCCC[C@@H]2c2nccnn2)cc1,1,*c1ccc(C(=O)NC2(c3ccc(Cl)cc3)COC2)cc1,*N1CCCC[C@@H]1c1nnccn1,0.6356728,0.6357,1.0,1.0,0.9503685,-7.7821,1.0,1.0,[],163,-1,6aoyp2epCE8vArrBaHNamnXMZNE
16.656,25.1909,87.7007,0.8819655,Cc1nnn(C)c1C1CCN1c1ccc(C(=O)NC2(c3ccc(Cl)cc3)COC2)cc1,1,*c1ccc(C(=O)NC2(c3ccc(Cl)cc3)COC2)cc1,*N1CCC1c1c(C)nnn1C,0.662059,0.6621,1.0,1.0,0.9503388,-7.7819,1.0,1.0,[],84,2,FTs2ir0WsOGGWukaLaWhm6FmZFc
14.1809,28.447,82.2612,0.8649076,O=C(NC1(c2ccc(Cl)cc2)COC1)c1ccc(N2CC23CN(c2ccnnc2)C3)cc1,1,*c1ccc(C(=O)NC2(c3ccc(Cl)cc3)COC2)cc1,*N1C2(C1)CN(c1ccnnc1)C2,0.6063913,0.6064,1.0,0.0,0.9503208,-7.7817,1.0,1.0,[],170,0,MOOKTJkHukP3ougagtGEMWMRDSA
12.2553,19.3791,89.4787,0.8504517,O=C(NC1(c2ccc(Cl)cc2)COC1)c1ccc(N2CCC[C@@H]2c2cccc(F)n2)cc1,1,*c1ccc(C(=O)NC2(c3ccc(Cl)cc3)COC2)cc1,*N1CCC[C@@H]1c1cccc(F)n1,0.5621003,0.5621,1.0,1.0,0.9503199,-7.7817,1.0,1.0,[],165,-1,WkfjBOOGF9lyaMb79UIMDUn9Z70
11.3462,15.6141,95.7662,0.8701588,CN1CCN(c2ccc(C(=O)NC3(c4ccc(Cl)cc4)COC3)cc2)C(c2cccnc2)C1,1,*c1ccc(C(=O)NC2(c3ccc(Cl)cc3)COC2)cc1,*N1CCN(C)CC1c1cccnc1,0.6231645,0.6232,1.0,1.0,0.9503062,-7.7816,1.0,1.0,[],21,2,RQvaEkkR7IiKODYTGesCBWw8Q9s
9.3381,16.7601,94.5095,0.8692939,O=C(NC1(c2ccc(Cl)cc2)COC1)c1ccc(N2CCCC2c2nccs2)cc1,1,*c1ccc(C(=O)NC2(c3ccc(Cl)cc3)COC2)cc1,*N1CCCC1c1nccs1,0.6203827,0.6204,1.0,1.0,0.9503059,-7.7816,1.0,1.0,[],108,-1,RkM5xDwIkgHsdvmlTwUQgzoPF0I
14.0625,26.5147,86.5994,0.8837042,CN1C(=O)CN(c2ccc(C(=O)NC3(c4ccc(Cl)cc4)COC3)cc2)C2(CC(F)(F)C2)C1=O,1,*c1ccc(C(=O)NC2(c3ccc(Cl)cc3)COC2)cc1,*N1CC(=O)N(C)C(=O)C12CC(F)(F)C2,0.6680427,0.668,1.0,0.0,0.9502962,-7.7815,1.0,1.0,[],73,1,U4l5L6Qy7dyKOBMm$$IgTN3qhvU
10.1202,18.2425,95.0127,0.8848063,O=C(NC1(c2ccc(Cl)cc2)COC1)c1ccc(N2CCC[C@H]2c2ncon2)cc1,1,*c1ccc(C(=O)NC2(c3ccc(Cl)cc3)COC2)cc1,*N1CCC[C@H]1c1ncon1,0.6719375,0.6719,1.0,1.0,0.9502313,-7.7809,1.0,1.0,[],119,-1,79WBc8N6FNDOKhxwPCenFLWvYpk
14.9321,22.6233,-8.1273,0.1132503,C=CC1CCN(c2ccc(C(=O)NC3(c4ccc(Cl)cc4)COC3)cc2)CC1C1CC1,1,*c1ccc(C(=O)NC2(c3ccc(Cl)cc3)COC2)cc1,*N1CCC(C=C)C(C2CC2)C1,0.6451993,0.6452,0.0,2.0,0.9502274,-7.7808,1.0,1.0,[],72,6,idf9aM$q9T38$sjZvl77jhoBNWc
9.9554,18.8198,92.5494,0.8700716,Cn1ccc(C2CCCCN2c2ccc(C(=O)NC3(c4ccc(Cl)cc4)COC3)cc2)n1,1,*c1ccc(C(=O)NC2(c3ccc(Cl)cc3)COC2)cc1,*N1CCCCC1c1ccn(C)n1,0.6230534,0.6231,1.0,1.0,0.9502198,-7.7808,1.0,1.0,[],108,2,QTGOPah8uhrE6CoyMta%5xXiG4A
12.2963,17.2294,94.3703,0.8718727,O=C(NC1(c2ccc(Cl)cc2)COC1)c1ccc(N2CCOCC2c2nccs2)cc1,1,*c1ccc(C(=O)NC2(c3ccc(Cl)cc3)COC2)cc1,*N1CCOCC1c1nccs1,0.6289233,0.6289,1.0,1.0,0.9501972,-7.7806,1.0,1.0,[],142,-1,sx57216JKYNJhDLbG%Mghbks%W8
8.9963,23.2341,90.4073,0.8878235,Cn1ncnc1C1CCN1c1ccc(C(=O)NC2(c3ccc(Cl)cc3)COC2)cc1,1,*c1ccc(C(=O)NC2(c3ccc(Cl)cc3)COC2)cc1,*N1CCC1c1ncnn1C,0.682394,0.6824,1.0,1.0,0.9501925,-7.7805,1.0,1.0,[],119,-1,ztD8KBcLG06t1dYcokZpajFgF6U
23.3647,24.8019,83.5752,0.8466964,CC1N(c2ccc(C(=O)NC3(c4ccc(Cl)cc4)COC3)cc2)c2cnn(CCO)c2C1(F)F,1,*c1ccc(C(=O)NC2(c3ccc(Cl)cc3)COC2)cc1,*N1c2cnn(CCO)c2C(F)(F)C1C,0.5512817,0.5513,1.0,1.0,0.9501679,-7.7803,1.0,1.0,[],146,2,0wQHrYVEhMkMcCI4T8$0fdAYxHw
17.6467,27.9014,82.5447,0.8628601,Cc1ccc([C@H]2CCN2c2ccc(C(=O)NC3(c4ccc(Cl)cc4)COC3)cc2)nc1C,1,*c1ccc(C(=O)NC2(c3ccc(Cl)cc3)COC2)cc1,*N1CC[C@@H]1c1ccc(C)c(C)n1,0.6002904,0.6003,1.0,1.0,0.9501455,-7.7801,1.0,1.0,[],168,-1,VLTRMY6fyfFHAaAlaRR7NJp5t8g
13.2167,26.2611,85.2293,0.8710191,Cc1nc2c(c(=O)n1C)C1(C2)CN(c2ccc(C(=O)NC3(c4ccc(Cl)cc4)COC3)cc2)C1,1,*c1ccc(C(=O)NC2(c3ccc(Cl)cc3)COC2)cc1,*N1CC2(Cc3nc(C)n(C)c(=O)c32)C1,0.6262767,0.6263,1.0,0.0,0.9501367,-7.78,1.0,1.0,[],127,2,T1zd30HeDMGs1kStpLh34pZ%Rg0
11.0429,16.6687,98.5455,0.9001105,CC1(C)CCCN1C1CCN(c2ccc(C(=O)NC3(c4ccc(Cl)cc4)COC3)cc2)C1,1,*c1ccc(C(=O)NC2(c3ccc(Cl)cc3)COC2)cc1,*N1CCC(N2CCCC2(C)C)C1,0.7260679,0.7261,1.0,1.0,0.9501336,-7.78,1.0,1.0,[],28,1,Cy1ba1tWI5nbXLWCq$G3tAdJ5xM
12.8659,20.8882,88.9805,0.858349,Cc1nc2c(n1C1(C)COC1)CCN(c1ccc(C(=O)NC3(c4ccc(Cl)cc4)COC3)cc1)C2,1,*c1ccc(C(=O)NC2(c3ccc(Cl)cc3)COC2)cc1,*N1CCc2c(nc(C)n2C2(C)COC2)C1,0.5863211,0.5863,1.0,0.0,0.9501321,-7.78,1.0,1.0,[],148,2,cNrY0NNtR3C%OAf8iFPks7QtQWo
9.2715,15.433,102.0356,0.9177232,O=C(NC1(c2ccc(Cl)cc2)COC1)c1ccc(N2CC(N3CC[C@@H](F)C3)C2)cc1,1,*c1ccc(C(=O)NC2(c3ccc(Cl)cc3)COC2)cc1,*N1CC(N2CC[C@@H](F)C2)C1,0.7922328,0.7922,1.0,1.0,0.9501305,-7.7799,1.0,1.0,[],38,1,AccToctKant4Uykxdq4Y%D48Ji8
8.4466,15.7251,101.7435,0.9177232,O=C(NC1(c2ccc(Cl)cc2)COC1)c1ccc(N2CC(N3CCC(F)C3)C2)cc1,1,*c1ccc(C(=O)NC2(c3ccc(Cl)cc3)COC2)cc1,*N1CC(N2CCC(F)C2)C1,0.7922328,0.7922,1.0,1.0,0.9501305,-7.7799,1.0,1.0,[],63,1,X0CHNEeq1wAfdRAeD142VKFEtVs
20.3829,28.3241,81.1918,0.8555929,O=C(NC1(c2ccc(Cl)cc2)COC1)c1ccc(N2CCN(c3ccc(=O)[nH]n3)C(=O)C2)cc1,1,*c1ccc(C(=O)NC2(c3ccc(Cl)cc3)COC2)cc1,*N1CCN(c2ccc(O)nn2)C(=O)C1,0.577916,0.5779,1.0,0.0,0.9501215,-7.7799,1.0,1.0,[],106,0,0Jdg%NIY2D4gRYljHHlN8NKvA%A
10.2233,19.7394,89.1025,0.8503268,O=C(NC1(c2ccc(Cl)cc2)COC1)c1ccc(N2CCCC2c2ccnc(F)c2)cc1,1,*c1ccc(C(=O)NC2(c3ccc(Cl)cc3)COC2)cc1,*N1CCCC1c1ccnc(F)c1,0.5621003,0.5621,1.0,1.0,0.9501106,-7.7798,1.0,1.0,[],192,-1,wtTP4tb5lk$JOjc%Sfn4$2KkRGY
9.3783,18.4778,94.0752,0.8793203,O=C(NC1(c2ccc(Cl)cc2)COC1)c1ccc(N2CCC[C@H]2c2ncccn2)cc1,1,*c1ccc(C(=O)NC2(c3ccc(Cl)cc3)COC2)cc1,*N1CCC[C@H]1c1ncccn1,0.6536472,0.6536,1.0,1.0,0.9501078,-7.7797,1.0,1.0,[],114,-1,JcZ5tYJBUVwCeEhEUfD6JhaXRLM
7.6082,18.28,94.273,0.8793203,O=C(NC1(c2ccc(Cl)cc2)COC1)c1ccc(N2CCCC2c2ncccn2)cc1,1,*c1ccc(C(=O)NC2(c3ccc(Cl)cc3)COC2)cc1,*N1CCCC1c1ncccn1,0.6536472,0.6536,1.0,1.0,0.9501078,-7.7797,1.0,1.0,[],120,-1,gyYTmvjgJJnpIq09QVvQs%oGy84
14.5763,20.1908,89.5291,0.8571866,O=C(NC1(c2ccc(Cl)cc2)COC1)c1ccc(N2CCC[C@@H]2c2cncc(Cl)n2)cc1,1,*c1ccc(C(=O)NC2(c3ccc(Cl)cc3)COC2)cc1,*N1CCC[C@@H]1c1cncc(Cl)n1,0.5828014,0.5828,1.0,1.0,0.9501078,-7.7797,1.0,1.0,[],110,-1,s1ZWUNLUFzbIAtqUQgLsz4JHfv8
10.2073,22.4046,90.3927,0.8812289,O=C(NC1(c2ccc(Cl)cc2)COC1)c1ccc(N2CCC[C@@H]2c2nccnn2)cc1,1,*c1ccc(C(=O)NC2(c3ccc(Cl)cc3)COC2)cc1,*N1CCC[C@@H]1c1nnccn1,0.660056,0.6601,1.0,1.0,0.9501078,-7.7797,1.0,1.0,[],187,-1,wYWd1hMr6u8jtIrwkx%81XHk23o
10.3296,14.4652,97.2282,0.8726041,O=C(NC1(c2ccc(Cl)cc2)COC1)c1ccc(N2CCC[C@@H]2c2cccnc2)cc1,1,*c1ccc(C(=O)NC2(c3ccc(Cl)cc3)COC2)cc1,*N1CCC[C@@H]1c1cccnc1,0.6314793,0.6315,1.0,1.0,0.9501078,-7.7797,1.0,1.0,[],130,2,kT4fszJTpqiD46Qu3jvsfBwZ7Po
9.0037,14.8448,96.8485,0.8726041,O=C(NC1(c2ccc(Cl)cc2)COC1)c1ccc(N2CCCC2c2cccnc2)cc1,1,*c1ccc(C(=O)NC2(c3ccc(Cl)cc3)COC2)cc1,*N1CCCC1c1cccnc1,0.6314793,0.6315,1.0,1.0,0.9501078,-7.7797,1.0,1.0,[],85,2,2mlFU1hWQUhei3TTxsDziZl6Ldo
10.6475,19.0098,93.6438,0.8801063,O=C(NC1(c2ccc(Cl)cc2)COC1)c1ccc(N2CCCC2c2c[nH]nn2)cc1,1,*c1ccc(C(=O)NC2(c3ccc(Cl)cc3)COC2)cc1,*N1CCCC1c1cn[nH]n1,0.6562806,0.6563,1.0,1.0,0.9501078,-7.7797,1.0,1.0,[],117,2,S2aW40WxwlLeGbeKhz%dho3eBAA
11.4753,21.099,88.6209,0.8571866,O=C(NC1(c2ccc(Cl)cc2)COC1)c1ccc(N2CCCC2c2cncc(Cl)n2)cc1,1,*c1ccc(C(=O)NC2(c3ccc(Cl)cc3)COC2)cc1,*N1CCCC1c1cncc(Cl)n1,0.5828014,0.5828,1.0,1.0,0.9501078,-7.7797,1.0,1.0,[],174,2,LSMB0YvaQx0qjEJnoC4o1lbhRhY
11.3542,18.6846,93.8684,0.8793203,O=C(NC1(c2ccc(Cl)cc2)COC1)c1ccc(N2CCC[C@H]2c2cccnn2)cc1,1,*c1ccc(C(=O)NC2(c3ccc(Cl)cc3)COC2)cc1,*N1CCC[C@H]1c1cccnn1,0.6536472,0.6536,1.0,1.0,0.9501078,-7.7797,1.0,1.0,[],180,2,6SNnrtlawNP$qtQxDuecPtDphmo
13.4505,21.8297,86.8764,0.8492666,O=C(NC1(c2ccc(Cl)cc2)COC1)c1ccc(N2CCCCC2c2nncn2C2CC2)cc1,1,*c1ccc(C(=O)NC2(c3ccc(Cl)cc3)COC2)cc1,*N1CCCCC1c1nncn1C1CC1,0.5589721,0.559,1.0,1.0,0.9501001,-7.7797,1.0,1.0,[],122,-1,WEr$IVsQ9DUnpr%aTl$ld7A24Mo
13.4136,20.0933,87.1801,0.8380732,CC(=O)Cc1cc(N2CCN(c3ccc(C(=O)NC4(c5ccc(Cl)cc5)COC4)cc3)CC2)ccn1,1,*c1ccc(C(=O)NC2(c3ccc(Cl)cc3)COC2)cc1,*N1CCN(c2ccnc(CC(C)=O)c2)CC1,0.5265951,0.5266,1.0,0.0,0.9500884,-7.7796,1.0,1.0,[],134,0,BG$ruaqDRdRAkXEatRdHDaV1CVI
9.141,13.3985,102.5196,0.9056102,O=C(NC1(c2ccc(Cl)cc2)COC1)c1ccc(N2CC(N3CCC(O)CC3)C2)cc1,1,*c1ccc(C(=O)NC2(c3ccc(Cl)cc3)COC2)cc1,*N1CC(N2CCC(O)CC2)C1,0.7463959,0.7464,1.0,0.0,0.9500698,-7.7794,1.0,1.0,[],47,1,u6$TQjLVOghqsXO5FlsYjI7OXxI
18.2858,30.9449,79.2175,0.8606431,Cn1cc(N)nc1[C@H]1CCCCN1c1ccc(C(=O)NC2(c3ccc(Cl)cc3)COC2)cc1,1,*c1ccc(C(=O)NC2(c3ccc(Cl)cc3)COC2)cc1,*N1CCCC[C@@H]1c1nc(N)cn1C,0.5935249,0.5935,1.0,1.0,0.9500686,-7.7794,1.0,1.0,[],143,-1,2LdmSyziSekcDgROYhYUQ%6cxYA
15.7043,33.1467,75.753,0.8507786,Cc1c(CO)nnc(C2CN(c3ccc(C(=O)NC4(c5ccc(Cl)cc5)COC4)cc3)C2)c1C,1,*c1ccc(C(=O)NC2(c3ccc(Cl)cc3)COC2)cc1,*N1CC(c2nnc(CO)c(C)c2C)C1,0.5635394,0.5635,1.0,0.0,0.950058,-7.7793,1.0,1.0,[],77,-1,DwlsK45ex$X25vAHzggVVSkxnMo
11.5972,19.9566,92.0898,0.8753625,CCn1cnc(C2CN(c3ccc(C(=O)NC4(c5ccc(Cl)cc5)COC4)cc3)C2)n1,1,*c1ccc(C(=O)NC2(c3ccc(Cl)cc3)COC2)cc1,*N1CC(c2ncn(CC)n2)C1,0.6407146,0.6407,1.0,0.0,0.9500076,-7.7788,1.0,1.0,[],144,3,GTDK16dbaTP6VjeQz7$bxuH$$kE
